<?xml version="1.0" encoding="UTF-8"?>
<gpx creator="Garmin Connect" version="1.1" schemaLocation="http://www.topografix.com/GPX/1/1 http://www.topografix.com/GPX/11.xsd" xmlns="http://www.topografix.com/GPX/1/1" xmlns:xsi="http://www.w3.org/2001/XMLSchema-instance" xsi:schemaLocation="http://www.topografix.com/GPX/1/1 http://www.topografix.com/GPX/1/1/gpx.xsd http://www.garmin.com/xmlschemas/GpxExtensions/v3 http://www.garmin.com/xmlschemas/GpxExtensionsv3.xsd http://www.garmin.com/xmlschemas/TrackPointExtension/v1 http://www.garmin.com/xmlschemas/TrackPointExtensionv1.xsd http://www.garmin.com/xmlschemas/PowerExtension/v1 http://www.garmin.com/xmlschemas/PowerExtensionv1.xsd http://www.topografix.com/GPX/gpx_style/0/2 http://www.topografix.com/GPX/gpx_style/0/2/gpx_style.xsd" xmlns:gpxtpx="http://www.garmin.com/xmlschemas/TrackPointExtension/v1" xmlns:gpxx="http://www.garmin.com/xmlschemas/GpxExtensions/v3" xmlns:gpxpx="http://www.garmin.com/xmlschemas/PowerExtension/v1" xmlns:gpx_style="http://www.topografix.com/GPX/gpx_style/0/2">
  <metadata>
    <name>activity</name>
    <author>
      <name>gpx.studio</name>
      <link href="https://gpx.studio"/>
    </author>
    <link href="connect.garmin.com">
      <text>Garmin Connect</text>
    </link>
    <time>2025-07-08T04:40:40.000Z</time>
  </metadata>
  <trk>
    <name>Dresden Running</name>
    <type>running</type>
    <trkseg>
      <trkpt lat="51.044531" lon="13.733599">
        <ele>117</ele>
        <time>2025-07-08T04:40:45.099Z</time>
      </trkpt>
      <trkpt lat="51.044621" lon="13.733614">
        <ele>117</ele>
        <time>2025-07-08T04:40:47.827Z</time>
      </trkpt>
      <trkpt lat="51.044905" lon="13.733593">
        <ele>117.25</ele>
        <time>2025-07-08T04:40:56.397Z</time>
      </trkpt>
      <trkpt lat="51.044908" lon="13.733773">
        <ele>117.25</ele>
        <time>2025-07-08T04:40:59.809Z</time>
      </trkpt>
      <trkpt lat="51.044893" lon="13.733856">
        <ele>117.5</ele>
        <time>2025-07-08T04:41:01.445Z</time>
      </trkpt>
      <trkpt lat="51.044878" lon="13.733924">
        <ele>117.5</ele>
        <time>2025-07-08T04:41:02.810Z</time>
      </trkpt>
      <trkpt lat="51.044978527352214" lon="13.73397583141923">
        <ele>119.80000305175781</ele>
        <time>2025-07-08T04:41:05.995Z</time>
        <extensions>
          <gpxtpx:TrackPointExtension>
            <gpxtpx:hr>152</gpxtpx:hr>
            <gpxtpx:cad>80</gpxtpx:cad>
          </gpxtpx:TrackPointExtension>
        </extensions>
      </trkpt>
      <trkpt lat="51.04498070664704" lon="13.734030481427908">
        <ele>120.19999694824219</ele>
        <time>2025-07-08T04:41:07.000Z</time>
        <extensions>
          <gpxtpx:TrackPointExtension>
            <gpxtpx:hr>155</gpxtpx:hr>
            <gpxtpx:cad>80</gpxtpx:cad>
          </gpxtpx:TrackPointExtension>
        </extensions>
      </trkpt>
      <trkpt lat="51.04503242298961" lon="13.734312616288662">
        <ele>120.80000305175781</ele>
        <time>2025-07-08T04:41:14.000Z</time>
        <extensions>
          <gpxtpx:TrackPointExtension>
            <gpxtpx:hr>157</gpxtpx:hr>
            <gpxtpx:cad>82</gpxtpx:cad>
          </gpxtpx:TrackPointExtension>
        </extensions>
      </trkpt>
      <trkpt lat="51.04508187621832" lon="13.734573712572455">
        <ele>122</ele>
        <time>2025-07-08T04:41:20.000Z</time>
        <extensions>
          <gpxtpx:TrackPointExtension>
            <gpxtpx:hr>156</gpxtpx:hr>
            <gpxtpx:cad>81</gpxtpx:cad>
          </gpxtpx:TrackPointExtension>
        </extensions>
      </trkpt>
      <trkpt lat="51.04507843963802" lon="13.734679240733385">
        <ele>122.5999984741211</ele>
        <time>2025-07-08T04:41:22.000Z</time>
        <extensions>
          <gpxtpx:TrackPointExtension>
            <gpxtpx:hr>159</gpxtpx:hr>
            <gpxtpx:cad>81</gpxtpx:cad>
          </gpxtpx:TrackPointExtension>
        </extensions>
      </trkpt>
      <trkpt lat="51.04506008327007" lon="13.734815446659923">
        <ele>122.80000305175781</ele>
        <time>2025-07-08T04:41:25.000Z</time>
        <extensions>
          <gpxtpx:TrackPointExtension>
            <gpxtpx:hr>154</gpxtpx:hr>
            <gpxtpx:cad>82</gpxtpx:cad>
          </gpxtpx:TrackPointExtension>
        </extensions>
      </trkpt>
      <trkpt lat="51.045030327513814" lon="13.73496774584055">
        <ele>122.80000305175781</ele>
        <time>2025-07-08T04:41:30.000Z</time>
        <extensions>
          <gpxtpx:TrackPointExtension>
            <gpxtpx:hr>159</gpxtpx:hr>
            <gpxtpx:cad>81</gpxtpx:cad>
          </gpxtpx:TrackPointExtension>
        </extensions>
      </trkpt>
      <trkpt lat="51.045019682496786" lon="13.73501610942185">
        <ele>122.4000015258789</ele>
        <time>2025-07-08T04:41:32.000Z</time>
        <extensions>
          <gpxtpx:TrackPointExtension>
            <gpxtpx:hr>163</gpxtpx:hr>
            <gpxtpx:cad>81</gpxtpx:cad>
          </gpxtpx:TrackPointExtension>
        </extensions>
      </trkpt>
      <trkpt lat="51.045012809336185" lon="13.735039411112666">
        <ele>122</ele>
        <time>2025-07-08T04:41:33.000Z</time>
        <extensions>
          <gpxtpx:TrackPointExtension>
            <gpxtpx:hr>166</gpxtpx:hr>
            <gpxtpx:cad>81</gpxtpx:cad>
          </gpxtpx:TrackPointExtension>
        </extensions>
      </trkpt>
      <trkpt lat="51.045002499595284" lon="13.735065311193466">
        <ele>121.80000305175781</ele>
        <time>2025-07-08T04:41:34.000Z</time>
        <extensions>
          <gpxtpx:TrackPointExtension>
            <gpxtpx:hr>161</gpxtpx:hr>
            <gpxtpx:cad>80</gpxtpx:cad>
          </gpxtpx:TrackPointExtension>
        </extensions>
      </trkpt>
      <trkpt lat="51.04492957703769" lon="13.735224651172757">
        <ele>120.80000305175781</ele>
        <time>2025-07-08T04:41:39.000Z</time>
        <extensions>
          <gpxtpx:TrackPointExtension>
            <gpxtpx:hr>158</gpxtpx:hr>
            <gpxtpx:cad>81</gpxtpx:cad>
          </gpxtpx:TrackPointExtension>
        </extensions>
      </trkpt>
      <trkpt lat="51.04491977021098" lon="13.735266644507647">
        <ele>120.80000305175781</ele>
        <time>2025-07-08T04:41:40.000Z</time>
        <extensions>
          <gpxtpx:TrackPointExtension>
            <gpxtpx:hr>161</gpxtpx:hr>
            <gpxtpx:cad>81</gpxtpx:cad>
          </gpxtpx:TrackPointExtension>
        </extensions>
      </trkpt>
      <trkpt lat="51.04489512741566" lon="13.735593287274241">
        <ele>121.4000015258789</ele>
        <time>2025-07-08T04:41:44.000Z</time>
        <extensions>
          <gpxtpx:TrackPointExtension>
            <gpxtpx:hr>160</gpxtpx:hr>
            <gpxtpx:cad>82</gpxtpx:cad>
          </gpxtpx:TrackPointExtension>
        </extensions>
      </trkpt>
      <trkpt lat="51.044889595359564" lon="13.735646596178412">
        <ele>121.4000015258789</ele>
        <time>2025-07-08T04:41:45.000Z</time>
        <extensions>
          <gpxtpx:TrackPointExtension>
            <gpxtpx:hr>155</gpxtpx:hr>
            <gpxtpx:cad>81</gpxtpx:cad>
          </gpxtpx:TrackPointExtension>
        </extensions>
      </trkpt>
      <trkpt lat="51.04489278048277" lon="13.735708957538009">
        <ele>121.5999984741211</ele>
        <time>2025-07-08T04:41:46.000Z</time>
        <extensions>
          <gpxtpx:TrackPointExtension>
            <gpxtpx:hr>156</gpxtpx:hr>
            <gpxtpx:cad>81</gpxtpx:cad>
          </gpxtpx:TrackPointExtension>
        </extensions>
      </trkpt>
      <trkpt lat="51.0448843985796" lon="13.73574617318809">
        <ele>121.5999984741211</ele>
        <time>2025-07-08T04:41:47.000Z</time>
        <extensions>
          <gpxtpx:TrackPointExtension>
            <gpxtpx:hr>159</gpxtpx:hr>
            <gpxtpx:cad>81</gpxtpx:cad>
          </gpxtpx:TrackPointExtension>
        </extensions>
      </trkpt>
      <trkpt lat="51.04487710632384" lon="13.735781628638506">
        <ele>121.5999984741211</ele>
        <time>2025-07-08T04:41:48.000Z</time>
        <extensions>
          <gpxtpx:TrackPointExtension>
            <gpxtpx:hr>165</gpxtpx:hr>
            <gpxtpx:cad>81</gpxtpx:cad>
          </gpxtpx:TrackPointExtension>
        </extensions>
      </trkpt>
      <trkpt lat="51.04487190954387" lon="13.735827896744013">
        <ele>121.80000305175781</ele>
        <time>2025-07-08T04:41:49.000Z</time>
        <extensions>
          <gpxtpx:TrackPointExtension>
            <gpxtpx:hr>165</gpxtpx:hr>
            <gpxtpx:cad>81</gpxtpx:cad>
          </gpxtpx:TrackPointExtension>
        </extensions>
      </trkpt>
      <trkpt lat="51.04485271498561" lon="13.735907776281238">
        <ele>122</ele>
        <time>2025-07-08T04:41:51.000Z</time>
        <extensions>
          <gpxtpx:TrackPointExtension>
            <gpxtpx:hr>159</gpxtpx:hr>
            <gpxtpx:cad>81</gpxtpx:cad>
          </gpxtpx:TrackPointExtension>
        </extensions>
      </trkpt>
      <trkpt lat="51.04483385570347" lon="13.736051190644503">
        <ele>122.5999984741211</ele>
        <time>2025-07-08T04:41:54.000Z</time>
        <extensions>
          <gpxtpx:TrackPointExtension>
            <gpxtpx:hr>157</gpxtpx:hr>
            <gpxtpx:cad>81</gpxtpx:cad>
          </gpxtpx:TrackPointExtension>
        </extensions>
      </trkpt>
      <trkpt lat="51.04477308690548" lon="13.73635595664382">
        <ele>122.5999984741211</ele>
        <time>2025-07-08T04:41:59.000Z</time>
        <extensions>
          <gpxtpx:TrackPointExtension>
            <gpxtpx:hr>159</gpxtpx:hr>
            <gpxtpx:cad>81</gpxtpx:cad>
          </gpxtpx:TrackPointExtension>
        </extensions>
      </trkpt>
      <trkpt lat="51.044721538200974" lon="13.736547566950321">
        <ele>122.4000015258789</ele>
        <time>2025-07-08T04:42:02.000Z</time>
        <extensions>
          <gpxtpx:TrackPointExtension>
            <gpxtpx:hr>162</gpxtpx:hr>
            <gpxtpx:cad>82</gpxtpx:cad>
          </gpxtpx:TrackPointExtension>
        </extensions>
      </trkpt>
      <trkpt lat="51.044680969789624" lon="13.736838586628437">
        <ele>121.19999694824219</ele>
        <time>2025-07-08T04:42:07.000Z</time>
        <extensions>
          <gpxtpx:TrackPointExtension>
            <gpxtpx:hr>163</gpxtpx:hr>
            <gpxtpx:cad>81</gpxtpx:cad>
          </gpxtpx:TrackPointExtension>
        </extensions>
      </trkpt>
      <trkpt lat="51.04469195008278" lon="13.736962638795376">
        <ele>120.80000305175781</ele>
        <time>2025-07-08T04:42:09.000Z</time>
        <extensions>
          <gpxtpx:TrackPointExtension>
            <gpxtpx:hr>169</gpxtpx:hr>
            <gpxtpx:cad>81</gpxtpx:cad>
          </gpxtpx:TrackPointExtension>
        </extensions>
      </trkpt>
      <trkpt lat="51.04468792676926" lon="13.737107394263148">
        <ele>120.4000015258789</ele>
        <time>2025-07-08T04:42:12.000Z</time>
        <extensions>
          <gpxtpx:TrackPointExtension>
            <gpxtpx:hr>139</gpxtpx:hr>
            <gpxtpx:cad>81</gpxtpx:cad>
          </gpxtpx:TrackPointExtension>
        </extensions>
      </trkpt>
      <trkpt lat="51.044676108285785" lon="13.737142262980342">
        <ele>120.19999694824219</ele>
        <time>2025-07-08T04:42:13.000Z</time>
        <extensions>
          <gpxtpx:TrackPointExtension>
            <gpxtpx:hr>134</gpxtpx:hr>
            <gpxtpx:cad>81</gpxtpx:cad>
          </gpxtpx:TrackPointExtension>
        </extensions>
      </trkpt>
      <trkpt lat="51.04466554708779" lon="13.737185010686517">
        <ele>120.19999694824219</ele>
        <time>2025-07-08T04:42:14.000Z</time>
        <extensions>
          <gpxtpx:TrackPointExtension>
            <gpxtpx:hr>131</gpxtpx:hr>
            <gpxtpx:cad>81</gpxtpx:cad>
          </gpxtpx:TrackPointExtension>
        </extensions>
      </trkpt>
      <trkpt lat="51.044653225690126" lon="13.73722666874528">
        <ele>120.19999694824219</ele>
        <time>2025-07-08T04:42:15.000Z</time>
        <extensions>
          <gpxtpx:TrackPointExtension>
            <gpxtpx:hr>127</gpxtpx:hr>
            <gpxtpx:cad>81</gpxtpx:cad>
          </gpxtpx:TrackPointExtension>
        </extensions>
      </trkpt>
      <trkpt lat="51.04464157484472" lon="13.737268494442105">
        <ele>120.19999694824219</ele>
        <time>2025-07-08T04:42:16.000Z</time>
        <extensions>
          <gpxtpx:TrackPointExtension>
            <gpxtpx:hr>127</gpxtpx:hr>
            <gpxtpx:cad>81</gpxtpx:cad>
          </gpxtpx:TrackPointExtension>
        </extensions>
      </trkpt>
      <trkpt lat="51.04462254792452" lon="13.737510899081826">
        <ele>120</ele>
        <time>2025-07-08T04:42:21.000Z</time>
        <extensions>
          <gpxtpx:TrackPointExtension>
            <gpxtpx:hr>130</gpxtpx:hr>
            <gpxtpx:cad>81</gpxtpx:cad>
          </gpxtpx:TrackPointExtension>
        </extensions>
      </trkpt>
      <trkpt lat="51.04461391456425" lon="13.73755901120603">
        <ele>120</ele>
        <time>2025-07-08T04:42:22.000Z</time>
        <extensions>
          <gpxtpx:TrackPointExtension>
            <gpxtpx:hr>134</gpxtpx:hr>
            <gpxtpx:cad>81</gpxtpx:cad>
          </gpxtpx:TrackPointExtension>
        </extensions>
      </trkpt>
      <trkpt lat="51.04460209608078" lon="13.737598322331905">
        <ele>119.80000305175781</ele>
        <time>2025-07-08T04:42:23.000Z</time>
        <extensions>
          <gpxtpx:TrackPointExtension>
            <gpxtpx:hr>138</gpxtpx:hr>
            <gpxtpx:cad>81</gpxtpx:cad>
          </gpxtpx:TrackPointExtension>
        </extensions>
      </trkpt>
      <trkpt lat="51.044592121616006" lon="13.737629503011703">
        <ele>119.80000305175781</ele>
        <time>2025-07-08T04:42:24.000Z</time>
        <extensions>
          <gpxtpx:TrackPointExtension>
            <gpxtpx:hr>141</gpxtpx:hr>
            <gpxtpx:cad>81</gpxtpx:cad>
          </gpxtpx:TrackPointExtension>
        </extensions>
      </trkpt>
      <trkpt lat="51.044570999220014" lon="13.737770738080144">
        <ele>119.5999984741211</ele>
        <time>2025-07-08T04:42:26.000Z</time>
        <extensions>
          <gpxtpx:TrackPointExtension>
            <gpxtpx:hr>167</gpxtpx:hr>
            <gpxtpx:cad>81</gpxtpx:cad>
          </gpxtpx:TrackPointExtension>
        </extensions>
      </trkpt>
      <trkpt lat="51.04455029591918" lon="13.737816754728556">
        <ele>119.5999984741211</ele>
        <time>2025-07-08T04:42:27.000Z</time>
        <extensions>
          <gpxtpx:TrackPointExtension>
            <gpxtpx:hr>167</gpxtpx:hr>
            <gpxtpx:cad>81</gpxtpx:cad>
          </gpxtpx:TrackPointExtension>
        </extensions>
      </trkpt>
      <trkpt lat="51.04457275941968" lon="13.7381805293262">
        <ele>119</ele>
        <time>2025-07-08T04:42:32.000Z</time>
        <extensions>
          <gpxtpx:TrackPointExtension>
            <gpxtpx:hr>165</gpxtpx:hr>
            <gpxtpx:cad>80</gpxtpx:cad>
          </gpxtpx:TrackPointExtension>
        </extensions>
      </trkpt>
      <trkpt lat="51.04468859732151" lon="13.738449420779943">
        <ele>118.19999694824219</ele>
        <time>2025-07-08T04:42:37.000Z</time>
        <extensions>
          <gpxtpx:TrackPointExtension>
            <gpxtpx:hr>163</gpxtpx:hr>
            <gpxtpx:cad>82</gpxtpx:cad>
          </gpxtpx:TrackPointExtension>
        </extensions>
      </trkpt>
      <trkpt lat="51.04473461396992" lon="13.73853575438261">
        <ele>118.4000015258789</ele>
        <time>2025-07-08T04:42:39.000Z</time>
        <extensions>
          <gpxtpx:TrackPointExtension>
            <gpxtpx:hr>160</gpxtpx:hr>
            <gpxtpx:cad>83</gpxtpx:cad>
          </gpxtpx:TrackPointExtension>
        </extensions>
      </trkpt>
      <trkpt lat="51.04481650516391" lon="13.738654190674424">
        <ele>118.80000305175781</ele>
        <time>2025-07-08T04:42:43.000Z</time>
        <extensions>
          <gpxtpx:TrackPointExtension>
            <gpxtpx:hr>163</gpxtpx:hr>
            <gpxtpx:cad>83</gpxtpx:cad>
          </gpxtpx:TrackPointExtension>
        </extensions>
      </trkpt>
      <trkpt lat="51.0449671279639" lon="13.738846136257052">
        <ele>118</ele>
        <time>2025-07-08T04:42:49.000Z</time>
        <extensions>
          <gpxtpx:TrackPointExtension>
            <gpxtpx:hr>161</gpxtpx:hr>
            <gpxtpx:cad>81</gpxtpx:cad>
          </gpxtpx:TrackPointExtension>
        </extensions>
      </trkpt>
      <trkpt lat="51.04510668665171" lon="13.739036740735173">
        <ele>116.80000305175781</ele>
        <time>2025-07-08T04:42:55.000Z</time>
        <extensions>
          <gpxtpx:TrackPointExtension>
            <gpxtpx:hr>161</gpxtpx:hr>
            <gpxtpx:cad>81</gpxtpx:cad>
          </gpxtpx:TrackPointExtension>
        </extensions>
      </trkpt>
      <trkpt lat="51.04525328613818" lon="13.73920127749443">
        <ele>115.80000305175781</ele>
        <time>2025-07-08T04:43:01.000Z</time>
        <extensions>
          <gpxtpx:TrackPointExtension>
            <gpxtpx:hr>158</gpxtpx:hr>
            <gpxtpx:cad>81</gpxtpx:cad>
          </gpxtpx:TrackPointExtension>
        </extensions>
      </trkpt>
      <trkpt lat="51.045398795977235" lon="13.739427253603935">
        <ele>114.4000015258789</ele>
        <time>2025-07-08T04:43:08.000Z</time>
        <extensions>
          <gpxtpx:TrackPointExtension>
            <gpxtpx:hr>163</gpxtpx:hr>
            <gpxtpx:cad>81</gpxtpx:cad>
          </gpxtpx:TrackPointExtension>
        </extensions>
      </trkpt>
      <trkpt lat="51.04542578570545" lon="13.73956672847271">
        <ele>113.80000305175781</ele>
        <time>2025-07-08T04:43:11.000Z</time>
        <extensions>
          <gpxtpx:TrackPointExtension>
            <gpxtpx:hr>163</gpxtpx:hr>
            <gpxtpx:cad>80</gpxtpx:cad>
          </gpxtpx:TrackPointExtension>
        </extensions>
      </trkpt>
      <trkpt lat="51.0453331656754" lon="13.739821370691061">
        <ele>113.5999984741211</ele>
        <time>2025-07-08T04:43:17.000Z</time>
        <extensions>
          <gpxtpx:TrackPointExtension>
            <gpxtpx:hr>165</gpxtpx:hr>
            <gpxtpx:cad>79</gpxtpx:cad>
          </gpxtpx:TrackPointExtension>
        </extensions>
      </trkpt>
      <trkpt lat="51.04520467109978" lon="13.740076599642634">
        <ele>114.5999984741211</ele>
        <time>2025-07-08T04:43:23.000Z</time>
        <extensions>
          <gpxtpx:TrackPointExtension>
            <gpxtpx:hr>164</gpxtpx:hr>
            <gpxtpx:cad>81</gpxtpx:cad>
          </gpxtpx:TrackPointExtension>
        </extensions>
      </trkpt>
      <trkpt lat="51.045106099918485" lon="13.740367284044623">
        <ele>115.19999694824219</ele>
        <time>2025-07-08T04:43:29.000Z</time>
        <extensions>
          <gpxtpx:TrackPointExtension>
            <gpxtpx:hr>163</gpxtpx:hr>
            <gpxtpx:cad>80</gpxtpx:cad>
          </gpxtpx:TrackPointExtension>
        </extensions>
      </trkpt>
      <trkpt lat="51.04502622038126" lon="13.740655286237597">
        <ele>115.5999984741211</ele>
        <time>2025-07-08T04:43:35.000Z</time>
        <extensions>
          <gpxtpx:TrackPointExtension>
            <gpxtpx:hr>162</gpxtpx:hr>
            <gpxtpx:cad>80</gpxtpx:cad>
          </gpxtpx:TrackPointExtension>
        </extensions>
      </trkpt>
      <trkpt lat="51.044938964769244" lon="13.740907413884997">
        <ele>116</ele>
        <time>2025-07-08T04:43:40.000Z</time>
        <extensions>
          <gpxtpx:TrackPointExtension>
            <gpxtpx:hr>164</gpxtpx:hr>
            <gpxtpx:cad>80</gpxtpx:cad>
          </gpxtpx:TrackPointExtension>
        </extensions>
      </trkpt>
      <trkpt lat="51.044881800189614" lon="13.741050325334072">
        <ele>116</ele>
        <time>2025-07-08T04:43:43.000Z</time>
        <extensions>
          <gpxtpx:TrackPointExtension>
            <gpxtpx:hr>161</gpxtpx:hr>
            <gpxtpx:cad>80</gpxtpx:cad>
          </gpxtpx:TrackPointExtension>
        </extensions>
      </trkpt>
      <trkpt lat="51.044763615354896" lon="13.741274708881974">
        <ele>115.19999694824219</ele>
        <time>2025-07-08T04:43:49.000Z</time>
        <extensions>
          <gpxtpx:TrackPointExtension>
            <gpxtpx:hr>158</gpxtpx:hr>
            <gpxtpx:cad>81</gpxtpx:cad>
          </gpxtpx:TrackPointExtension>
        </extensions>
      </trkpt>
      <trkpt lat="51.044598910957575" lon="13.741404796019197">
        <ele>114.80000305175781</ele>
        <time>2025-07-08T04:43:55.000Z</time>
        <extensions>
          <gpxtpx:TrackPointExtension>
            <gpxtpx:hr>159</gpxtpx:hr>
            <gpxtpx:cad>80</gpxtpx:cad>
          </gpxtpx:TrackPointExtension>
        </extensions>
      </trkpt>
      <trkpt lat="51.0444903653115" lon="13.741447124630213">
        <ele>115</ele>
        <time>2025-07-08T04:43:59.000Z</time>
        <extensions>
          <gpxtpx:TrackPointExtension>
            <gpxtpx:hr>162</gpxtpx:hr>
            <gpxtpx:cad>81</gpxtpx:cad>
          </gpxtpx:TrackPointExtension>
        </extensions>
      </trkpt>
      <trkpt lat="51.04428743943572" lon="13.741462212055922">
        <ele>115</ele>
        <time>2025-07-08T04:44:05.000Z</time>
        <extensions>
          <gpxtpx:TrackPointExtension>
            <gpxtpx:hr>159</gpxtpx:hr>
            <gpxtpx:cad>80</gpxtpx:cad>
          </gpxtpx:TrackPointExtension>
        </extensions>
      </trkpt>
      <trkpt lat="51.04410504922271" lon="13.741521472111344">
        <ele>115</ele>
        <time>2025-07-08T04:44:11.000Z</time>
        <extensions>
          <gpxtpx:TrackPointExtension>
            <gpxtpx:hr>160</gpxtpx:hr>
            <gpxtpx:cad>81</gpxtpx:cad>
          </gpxtpx:TrackPointExtension>
        </extensions>
      </trkpt>
      <trkpt lat="51.04390664957464" lon="13.741569751873612">
        <ele>114.5999984741211</ele>
        <time>2025-07-08T04:44:19.000Z</time>
        <extensions>
          <gpxtpx:TrackPointExtension>
            <gpxtpx:hr>161</gpxtpx:hr>
            <gpxtpx:cad>80</gpxtpx:cad>
          </gpxtpx:TrackPointExtension>
        </extensions>
      </trkpt>
      <trkpt lat="51.04373071342707" lon="13.741661785170436">
        <ele>113.80000305175781</ele>
        <time>2025-07-08T04:44:25.000Z</time>
        <extensions>
          <gpxtpx:TrackPointExtension>
            <gpxtpx:hr>162</gpxtpx:hr>
            <gpxtpx:cad>79</gpxtpx:cad>
          </gpxtpx:TrackPointExtension>
        </extensions>
      </trkpt>
      <trkpt lat="51.04356818832457" lon="13.741849455982447">
        <ele>114.19999694824219</ele>
        <time>2025-07-08T04:44:31.000Z</time>
        <extensions>
          <gpxtpx:TrackPointExtension>
            <gpxtpx:hr>162</gpxtpx:hr>
            <gpxtpx:cad>79</gpxtpx:cad>
          </gpxtpx:TrackPointExtension>
        </extensions>
      </trkpt>
      <trkpt lat="51.0434577986598" lon="13.742119437083602">
        <ele>115</ele>
        <time>2025-07-08T04:44:37.000Z</time>
        <extensions>
          <gpxtpx:TrackPointExtension>
            <gpxtpx:hr>162</gpxtpx:hr>
            <gpxtpx:cad>81</gpxtpx:cad>
          </gpxtpx:TrackPointExtension>
        </extensions>
      </trkpt>
      <trkpt lat="51.043273732066154" lon="13.74226444400847">
        <ele>115.5999984741211</ele>
        <time>2025-07-08T04:44:43.000Z</time>
        <extensions>
          <gpxtpx:TrackPointExtension>
            <gpxtpx:hr>163</gpxtpx:hr>
            <gpxtpx:cad>80</gpxtpx:cad>
          </gpxtpx:TrackPointExtension>
        </extensions>
      </trkpt>
      <trkpt lat="51.04316795244813" lon="13.74251271598041">
        <ele>116.19999694824219</ele>
        <time>2025-07-08T04:44:49.000Z</time>
        <extensions>
          <gpxtpx:TrackPointExtension>
            <gpxtpx:hr>161</gpxtpx:hr>
            <gpxtpx:cad>80</gpxtpx:cad>
          </gpxtpx:TrackPointExtension>
        </extensions>
      </trkpt>
      <trkpt lat="51.043067034333944" lon="13.742778841406107">
        <ele>117</ele>
        <time>2025-07-08T04:44:55.000Z</time>
        <extensions>
          <gpxtpx:TrackPointExtension>
            <gpxtpx:hr>161</gpxtpx:hr>
            <gpxtpx:cad>80</gpxtpx:cad>
          </gpxtpx:TrackPointExtension>
        </extensions>
      </trkpt>
      <trkpt lat="51.04288590140641" lon="13.742911946028471">
        <ele>118.5999984741211</ele>
        <time>2025-07-08T04:45:03.000Z</time>
        <extensions>
          <gpxtpx:TrackPointExtension>
            <gpxtpx:hr>161</gpxtpx:hr>
            <gpxtpx:cad>79</gpxtpx:cad>
          </gpxtpx:TrackPointExtension>
        </extensions>
      </trkpt>
      <trkpt lat="51.042700577527285" lon="13.742970870807767">
        <ele>120</ele>
        <time>2025-07-08T04:45:09.000Z</time>
        <extensions>
          <gpxtpx:TrackPointExtension>
            <gpxtpx:hr>161</gpxtpx:hr>
            <gpxtpx:cad>80</gpxtpx:cad>
          </gpxtpx:TrackPointExtension>
        </extensions>
      </trkpt>
      <trkpt lat="51.042515421286225" lon="13.74299936927855">
        <ele>121</ele>
        <time>2025-07-08T04:45:15.000Z</time>
        <extensions>
          <gpxtpx:TrackPointExtension>
            <gpxtpx:hr>162</gpxtpx:hr>
            <gpxtpx:cad>80</gpxtpx:cad>
          </gpxtpx:TrackPointExtension>
        </extensions>
      </trkpt>
      <trkpt lat="51.04239924810827" lon="13.743050415068865">
        <ele>120.4000015258789</ele>
        <time>2025-07-08T04:45:19.000Z</time>
        <extensions>
          <gpxtpx:TrackPointExtension>
            <gpxtpx:hr>163</gpxtpx:hr>
            <gpxtpx:cad>80</gpxtpx:cad>
          </gpxtpx:TrackPointExtension>
        </extensions>
      </trkpt>
      <trkpt lat="51.042292043566704" lon="13.74316742643714">
        <ele>119.80000305175781</ele>
        <time>2025-07-08T04:45:23.000Z</time>
        <extensions>
          <gpxtpx:TrackPointExtension>
            <gpxtpx:hr>160</gpxtpx:hr>
            <gpxtpx:cad>80</gpxtpx:cad>
          </gpxtpx:TrackPointExtension>
        </extensions>
      </trkpt>
      <trkpt lat="51.04213731363416" lon="13.743365071713924">
        <ele>119.19999694824219</ele>
        <time>2025-07-08T04:45:30.000Z</time>
        <extensions>
          <gpxtpx:TrackPointExtension>
            <gpxtpx:hr>160</gpxtpx:hr>
            <gpxtpx:cad>80</gpxtpx:cad>
          </gpxtpx:TrackPointExtension>
        </extensions>
      </trkpt>
      <trkpt lat="51.04199088178575" lon="13.743558274582028">
        <ele>118.5999984741211</ele>
        <time>2025-07-08T04:45:36.000Z</time>
        <extensions>
          <gpxtpx:TrackPointExtension>
            <gpxtpx:hr>161</gpxtpx:hr>
            <gpxtpx:cad>80</gpxtpx:cad>
          </gpxtpx:TrackPointExtension>
        </extensions>
      </trkpt>
      <trkpt lat="51.04179918766022" lon="13.743647625669837">
        <ele>118</ele>
        <time>2025-07-08T04:45:43.000Z</time>
        <extensions>
          <gpxtpx:TrackPointExtension>
            <gpxtpx:hr>161</gpxtpx:hr>
            <gpxtpx:cad>79</gpxtpx:cad>
          </gpxtpx:TrackPointExtension>
        </extensions>
      </trkpt>
      <trkpt lat="51.04161570779979" lon="13.743735551834106">
        <ele>118.80000305175781</ele>
        <time>2025-07-08T04:45:49.000Z</time>
        <extensions>
          <gpxtpx:TrackPointExtension>
            <gpxtpx:hr>160</gpxtpx:hr>
            <gpxtpx:cad>79</gpxtpx:cad>
          </gpxtpx:TrackPointExtension>
        </extensions>
      </trkpt>
      <trkpt lat="51.04143138974905" lon="13.743895227089524">
        <ele>118.5999984741211</ele>
        <time>2025-07-08T04:45:54.000Z</time>
        <extensions>
          <gpxtpx:TrackPointExtension>
            <gpxtpx:hr>161</gpxtpx:hr>
            <gpxtpx:cad>80</gpxtpx:cad>
          </gpxtpx:TrackPointExtension>
        </extensions>
      </trkpt>
      <trkpt lat="51.04127565398812" lon="13.744084406644106">
        <ele>118.4000015258789</ele>
        <time>2025-07-08T04:46:01.000Z</time>
        <extensions>
          <gpxtpx:TrackPointExtension>
            <gpxtpx:hr>160</gpxtpx:hr>
            <gpxtpx:cad>79</gpxtpx:cad>
          </gpxtpx:TrackPointExtension>
        </extensions>
      </trkpt>
      <trkpt lat="51.04113760404289" lon="13.744271993637085">
        <ele>117.19999694824219</ele>
        <time>2025-07-08T04:46:07.000Z</time>
        <extensions>
          <gpxtpx:TrackPointExtension>
            <gpxtpx:hr>160</gpxtpx:hr>
            <gpxtpx:cad>79</gpxtpx:cad>
          </gpxtpx:TrackPointExtension>
        </extensions>
      </trkpt>
      <trkpt lat="51.04097583331168" lon="13.744437033310533">
        <ele>115.5999984741211</ele>
        <time>2025-07-08T04:46:13.000Z</time>
        <extensions>
          <gpxtpx:TrackPointExtension>
            <gpxtpx:hr>160</gpxtpx:hr>
            <gpxtpx:cad>80</gpxtpx:cad>
          </gpxtpx:TrackPointExtension>
        </extensions>
      </trkpt>
      <trkpt lat="51.04079897515476" lon="13.744587237015367">
        <ele>114.80000305175781</ele>
        <time>2025-07-08T04:46:20.000Z</time>
        <extensions>
          <gpxtpx:TrackPointExtension>
            <gpxtpx:hr>162</gpxtpx:hr>
            <gpxtpx:cad>79</gpxtpx:cad>
          </gpxtpx:TrackPointExtension>
        </extensions>
      </trkpt>
      <trkpt lat="51.04061624966562" lon="13.744732160121202">
        <ele>115.5999984741211</ele>
        <time>2025-07-08T04:46:25.000Z</time>
        <extensions>
          <gpxtpx:TrackPointExtension>
            <gpxtpx:hr>163</gpxtpx:hr>
            <gpxtpx:cad>79</gpxtpx:cad>
          </gpxtpx:TrackPointExtension>
        </extensions>
      </trkpt>
      <trkpt lat="51.04052203707397" lon="13.744821762666106">
        <ele>116.4000015258789</ele>
        <time>2025-07-08T04:46:28.000Z</time>
        <extensions>
          <gpxtpx:TrackPointExtension>
            <gpxtpx:hr>166</gpxtpx:hr>
            <gpxtpx:cad>79</gpxtpx:cad>
          </gpxtpx:TrackPointExtension>
        </extensions>
      </trkpt>
      <trkpt lat="51.040448024868965" lon="13.744882615283132">
        <ele>116.80000305175781</ele>
        <time>2025-07-08T04:46:31.000Z</time>
        <extensions>
          <gpxtpx:TrackPointExtension>
            <gpxtpx:hr>169</gpxtpx:hr>
            <gpxtpx:cad>80</gpxtpx:cad>
          </gpxtpx:TrackPointExtension>
        </extensions>
      </trkpt>
      <trkpt lat="51.04028424248099" lon="13.745066011324525">
        <ele>117.5999984741211</ele>
        <time>2025-07-08T04:46:39.000Z</time>
        <extensions>
          <gpxtpx:TrackPointExtension>
            <gpxtpx:hr>168</gpxtpx:hr>
            <gpxtpx:cad>79</gpxtpx:cad>
          </gpxtpx:TrackPointExtension>
        </extensions>
      </trkpt>
      <trkpt lat="51.04011207818985" lon="13.745208084583282">
        <ele>117.4000015258789</ele>
        <time>2025-07-08T04:46:46.000Z</time>
        <extensions>
          <gpxtpx:TrackPointExtension>
            <gpxtpx:hr>168</gpxtpx:hr>
            <gpxtpx:cad>80</gpxtpx:cad>
          </gpxtpx:TrackPointExtension>
        </extensions>
      </trkpt>
      <trkpt lat="51.039961371570826" lon="13.745397012680769">
        <ele>116.80000305175781</ele>
        <time>2025-07-08T04:46:51.000Z</time>
        <extensions>
          <gpxtpx:TrackPointExtension>
            <gpxtpx:hr>167</gpxtpx:hr>
            <gpxtpx:cad>79</gpxtpx:cad>
          </gpxtpx:TrackPointExtension>
        </extensions>
      </trkpt>
      <trkpt lat="51.039873864501715" lon="13.745652744546533">
        <ele>116.80000305175781</ele>
        <time>2025-07-08T04:46:56.000Z</time>
        <extensions>
          <gpxtpx:TrackPointExtension>
            <gpxtpx:hr>165</gpxtpx:hr>
            <gpxtpx:cad>81</gpxtpx:cad>
          </gpxtpx:TrackPointExtension>
        </extensions>
      </trkpt>
      <trkpt lat="51.03978853672743" lon="13.745945859700441">
        <ele>116.5999984741211</ele>
        <time>2025-07-08T04:47:02.000Z</time>
        <extensions>
          <gpxtpx:TrackPointExtension>
            <gpxtpx:hr>165</gpxtpx:hr>
            <gpxtpx:cad>78</gpxtpx:cad>
          </gpxtpx:TrackPointExtension>
        </extensions>
      </trkpt>
      <trkpt lat="51.039629112929106" lon="13.746152138337493">
        <ele>118.5999984741211</ele>
        <time>2025-07-08T04:47:09.000Z</time>
        <extensions>
          <gpxtpx:TrackPointExtension>
            <gpxtpx:hr>167</gpxtpx:hr>
            <gpxtpx:cad>80</gpxtpx:cad>
          </gpxtpx:TrackPointExtension>
        </extensions>
      </trkpt>
      <trkpt lat="51.039476562291384" lon="13.746312148869038">
        <ele>119.80000305175781</ele>
        <time>2025-07-08T04:47:15.000Z</time>
        <extensions>
          <gpxtpx:TrackPointExtension>
            <gpxtpx:hr>167</gpxtpx:hr>
            <gpxtpx:cad>79</gpxtpx:cad>
          </gpxtpx:TrackPointExtension>
        </extensions>
      </trkpt>
      <trkpt lat="51.03941964916885" lon="13.74660006724298">
        <ele>120.19999694824219</ele>
        <time>2025-07-08T04:47:22.000Z</time>
        <extensions>
          <gpxtpx:TrackPointExtension>
            <gpxtpx:hr>165</gpxtpx:hr>
            <gpxtpx:cad>79</gpxtpx:cad>
          </gpxtpx:TrackPointExtension>
        </extensions>
      </trkpt>
      <trkpt lat="51.0393288731575" lon="13.746908018365502">
        <ele>118.80000305175781</ele>
        <time>2025-07-08T04:47:29.000Z</time>
        <extensions>
          <gpxtpx:TrackPointExtension>
            <gpxtpx:hr>166</gpxtpx:hr>
            <gpxtpx:cad>79</gpxtpx:cad>
          </gpxtpx:TrackPointExtension>
        </extensions>
      </trkpt>
      <trkpt lat="51.03922996670008" lon="13.747169030830264">
        <ele>116.5999984741211</ele>
        <time>2025-07-08T04:47:36.000Z</time>
        <extensions>
          <gpxtpx:TrackPointExtension>
            <gpxtpx:hr>165</gpxtpx:hr>
            <gpxtpx:cad>79</gpxtpx:cad>
          </gpxtpx:TrackPointExtension>
        </extensions>
      </trkpt>
      <trkpt lat="51.03918579407036" lon="13.747343877330422">
        <ele>115.19999694824219</ele>
        <time>2025-07-08T04:47:40.000Z</time>
        <extensions>
          <gpxtpx:TrackPointExtension>
            <gpxtpx:hr>168</gpxtpx:hr>
            <gpxtpx:cad>79</gpxtpx:cad>
          </gpxtpx:TrackPointExtension>
        </extensions>
      </trkpt>
      <trkpt lat="51.03912787511945" lon="13.747650822624564">
        <ele>115</ele>
        <time>2025-07-08T04:47:46.000Z</time>
        <extensions>
          <gpxtpx:TrackPointExtension>
            <gpxtpx:hr>166</gpxtpx:hr>
            <gpxtpx:cad>79</gpxtpx:cad>
          </gpxtpx:TrackPointExtension>
        </extensions>
      </trkpt>
      <trkpt lat="51.03913181461394" lon="13.747932454571128">
        <ele>115.5999984741211</ele>
        <time>2025-07-08T04:47:51.000Z</time>
        <extensions>
          <gpxtpx:TrackPointExtension>
            <gpxtpx:hr>165</gpxtpx:hr>
            <gpxtpx:cad>79</gpxtpx:cad>
          </gpxtpx:TrackPointExtension>
        </extensions>
      </trkpt>
      <trkpt lat="51.03926273994148" lon="13.748175697401166">
        <ele>115.80000305175781</ele>
        <time>2025-07-08T04:47:57.000Z</time>
        <extensions>
          <gpxtpx:TrackPointExtension>
            <gpxtpx:hr>166</gpxtpx:hr>
            <gpxtpx:cad>79</gpxtpx:cad>
          </gpxtpx:TrackPointExtension>
        </extensions>
      </trkpt>
      <trkpt lat="51.03943666443229" lon="13.748347610235214">
        <ele>115.80000305175781</ele>
        <time>2025-07-08T04:48:04.000Z</time>
        <extensions>
          <gpxtpx:TrackPointExtension>
            <gpxtpx:hr>166</gpxtpx:hr>
            <gpxtpx:cad>79</gpxtpx:cad>
          </gpxtpx:TrackPointExtension>
        </extensions>
      </trkpt>
      <trkpt lat="51.0396053083241" lon="13.74854818917811">
        <ele>115.4000015258789</ele>
        <time>2025-07-08T04:48:11.000Z</time>
        <extensions>
          <gpxtpx:TrackPointExtension>
            <gpxtpx:hr>166</gpxtpx:hr>
            <gpxtpx:cad>80</gpxtpx:cad>
          </gpxtpx:TrackPointExtension>
        </extensions>
      </trkpt>
      <trkpt lat="51.03976548649371" lon="13.748714653775096">
        <ele>115.4000015258789</ele>
        <time>2025-07-08T04:48:17.000Z</time>
        <extensions>
          <gpxtpx:TrackPointExtension>
            <gpxtpx:hr>166</gpxtpx:hr>
            <gpxtpx:cad>79</gpxtpx:cad>
          </gpxtpx:TrackPointExtension>
        </extensions>
      </trkpt>
      <trkpt lat="51.03994435630739" lon="13.748861169442534">
        <ele>114.80000305175781</ele>
        <time>2025-07-08T04:48:23.000Z</time>
        <extensions>
          <gpxtpx:TrackPointExtension>
            <gpxtpx:hr>164</gpxtpx:hr>
            <gpxtpx:cad>80</gpxtpx:cad>
          </gpxtpx:TrackPointExtension>
        </extensions>
      </trkpt>
      <trkpt lat="51.04013127274811" lon="13.74899486079812">
        <ele>114</ele>
        <time>2025-07-08T04:48:29.000Z</time>
        <extensions>
          <gpxtpx:TrackPointExtension>
            <gpxtpx:hr>165</gpxtpx:hr>
            <gpxtpx:cad>80</gpxtpx:cad>
          </gpxtpx:TrackPointExtension>
        </extensions>
      </trkpt>
      <trkpt lat="51.040329253301024" lon="13.749107848852873">
        <ele>114</ele>
        <time>2025-07-08T04:48:35.000Z</time>
        <extensions>
          <gpxtpx:TrackPointExtension>
            <gpxtpx:hr>165</gpxtpx:hr>
            <gpxtpx:cad>80</gpxtpx:cad>
          </gpxtpx:TrackPointExtension>
        </extensions>
      </trkpt>
      <trkpt lat="51.04050451889634" lon="13.749232739210129">
        <ele>114</ele>
        <time>2025-07-08T04:48:41.000Z</time>
        <extensions>
          <gpxtpx:TrackPointExtension>
            <gpxtpx:hr>165</gpxtpx:hr>
            <gpxtpx:cad>80</gpxtpx:cad>
          </gpxtpx:TrackPointExtension>
        </extensions>
      </trkpt>
      <trkpt lat="51.04059143923223" lon="13.749317564070225">
        <ele>114</ele>
        <time>2025-07-08T04:48:44.000Z</time>
        <extensions>
          <gpxtpx:TrackPointExtension>
            <gpxtpx:hr>168</gpxtpx:hr>
            <gpxtpx:cad>80</gpxtpx:cad>
          </gpxtpx:TrackPointExtension>
        </extensions>
      </trkpt>
      <trkpt lat="51.040733428671956" lon="13.74945804476738">
        <ele>114</ele>
        <time>2025-07-08T04:48:49.000Z</time>
        <extensions>
          <gpxtpx:TrackPointExtension>
            <gpxtpx:hr>165</gpxtpx:hr>
            <gpxtpx:cad>80</gpxtpx:cad>
          </gpxtpx:TrackPointExtension>
        </extensions>
      </trkpt>
      <trkpt lat="51.040907269343734" lon="13.749609421938658">
        <ele>113.19999694824219</ele>
        <time>2025-07-08T04:48:55.000Z</time>
        <extensions>
          <gpxtpx:TrackPointExtension>
            <gpxtpx:hr>165</gpxtpx:hr>
            <gpxtpx:cad>81</gpxtpx:cad>
          </gpxtpx:TrackPointExtension>
        </extensions>
      </trkpt>
      <trkpt lat="51.04106820188463" lon="13.749771695584059">
        <ele>112.5999984741211</ele>
        <time>2025-07-08T04:49:01.000Z</time>
        <extensions>
          <gpxtpx:TrackPointExtension>
            <gpxtpx:hr>166</gpxtpx:hr>
            <gpxtpx:cad>81</gpxtpx:cad>
          </gpxtpx:TrackPointExtension>
        </extensions>
      </trkpt>
      <trkpt lat="51.04121253825724" lon="13.749991888180375">
        <ele>112.19999694824219</ele>
        <time>2025-07-08T04:49:07.000Z</time>
        <extensions>
          <gpxtpx:TrackPointExtension>
            <gpxtpx:hr>166</gpxtpx:hr>
            <gpxtpx:cad>81</gpxtpx:cad>
          </gpxtpx:TrackPointExtension>
        </extensions>
      </trkpt>
      <trkpt lat="51.04137313552201" lon="13.750197244808078">
        <ele>112</ele>
        <time>2025-07-08T04:49:13.000Z</time>
        <extensions>
          <gpxtpx:TrackPointExtension>
            <gpxtpx:hr>165</gpxtpx:hr>
            <gpxtpx:cad>81</gpxtpx:cad>
          </gpxtpx:TrackPointExtension>
        </extensions>
      </trkpt>
      <trkpt lat="51.04152970947325" lon="13.750382401049137">
        <ele>112.19999694824219</ele>
        <time>2025-07-08T04:49:19.000Z</time>
        <extensions>
          <gpxtpx:TrackPointExtension>
            <gpxtpx:hr>164</gpxtpx:hr>
            <gpxtpx:cad>81</gpxtpx:cad>
          </gpxtpx:TrackPointExtension>
        </extensions>
      </trkpt>
      <trkpt lat="51.04169961065054" lon="13.750569820404053">
        <ele>112.80000305175781</ele>
        <time>2025-07-08T04:49:25.000Z</time>
        <extensions>
          <gpxtpx:TrackPointExtension>
            <gpxtpx:hr>163</gpxtpx:hr>
            <gpxtpx:cad>82</gpxtpx:cad>
          </gpxtpx:TrackPointExtension>
        </extensions>
      </trkpt>
      <trkpt lat="51.04181343689561" lon="13.75068691559136">
        <ele>113.19999694824219</ele>
        <time>2025-07-08T04:49:29.000Z</time>
        <extensions>
          <gpxtpx:TrackPointExtension>
            <gpxtpx:hr>166</gpxtpx:hr>
            <gpxtpx:cad>81</gpxtpx:cad>
          </gpxtpx:TrackPointExtension>
        </extensions>
      </trkpt>
      <trkpt lat="51.04198241606355" lon="13.75085991807282">
        <ele>113.80000305175781</ele>
        <time>2025-07-08T04:49:35.000Z</time>
        <extensions>
          <gpxtpx:TrackPointExtension>
            <gpxtpx:hr>166</gpxtpx:hr>
            <gpxtpx:cad>82</gpxtpx:cad>
          </gpxtpx:TrackPointExtension>
        </extensions>
      </trkpt>
      <trkpt lat="51.04214183986187" lon="13.75103778205812">
        <ele>114</ele>
        <time>2025-07-08T04:49:41.000Z</time>
        <extensions>
          <gpxtpx:TrackPointExtension>
            <gpxtpx:hr>165</gpxtpx:hr>
            <gpxtpx:cad>80</gpxtpx:cad>
          </gpxtpx:TrackPointExtension>
        </extensions>
      </trkpt>
      <trkpt lat="51.04229581542313" lon="13.751226710155606">
        <ele>114</ele>
        <time>2025-07-08T04:49:47.000Z</time>
        <extensions>
          <gpxtpx:TrackPointExtension>
            <gpxtpx:hr>163</gpxtpx:hr>
            <gpxtpx:cad>81</gpxtpx:cad>
          </gpxtpx:TrackPointExtension>
        </extensions>
      </trkpt>
      <trkpt lat="51.042339988052845" lon="13.75154254026711">
        <ele>113.5999984741211</ele>
        <time>2025-07-08T04:49:53.000Z</time>
        <extensions>
          <gpxtpx:TrackPointExtension>
            <gpxtpx:hr>161</gpxtpx:hr>
            <gpxtpx:cad>82</gpxtpx:cad>
          </gpxtpx:TrackPointExtension>
        </extensions>
      </trkpt>
      <trkpt lat="51.042266646400094" lon="13.75180154107511">
        <ele>113</ele>
        <time>2025-07-08T04:49:58.000Z</time>
        <extensions>
          <gpxtpx:TrackPointExtension>
            <gpxtpx:hr>164</gpxtpx:hr>
            <gpxtpx:cad>82</gpxtpx:cad>
          </gpxtpx:TrackPointExtension>
        </extensions>
      </trkpt>
      <trkpt lat="51.04224778711796" lon="13.751850239932537">
        <ele>113</ele>
        <time>2025-07-08T04:49:59.000Z</time>
        <extensions>
          <gpxtpx:TrackPointExtension>
            <gpxtpx:hr>165</gpxtpx:hr>
            <gpxtpx:cad>82</gpxtpx:cad>
          </gpxtpx:TrackPointExtension>
        </extensions>
      </trkpt>
      <trkpt lat="51.04216128587723" lon="13.752098930999637">
        <ele>113</ele>
        <time>2025-07-08T04:50:04.000Z</time>
        <extensions>
          <gpxtpx:TrackPointExtension>
            <gpxtpx:hr>162</gpxtpx:hr>
            <gpxtpx:cad>81</gpxtpx:cad>
          </gpxtpx:TrackPointExtension>
        </extensions>
      </trkpt>
      <trkpt lat="51.0420539136976" lon="13.752337396144867">
        <ele>114.4000015258789</ele>
        <time>2025-07-08T04:50:09.000Z</time>
        <extensions>
          <gpxtpx:TrackPointExtension>
            <gpxtpx:hr>164</gpxtpx:hr>
            <gpxtpx:cad>81</gpxtpx:cad>
          </gpxtpx:TrackPointExtension>
        </extensions>
      </trkpt>
      <trkpt lat="51.04194737970829" lon="13.752620033919811">
        <ele>117</ele>
        <time>2025-07-08T04:50:15.000Z</time>
        <extensions>
          <gpxtpx:TrackPointExtension>
            <gpxtpx:hr>165</gpxtpx:hr>
            <gpxtpx:cad>81</gpxtpx:cad>
          </gpxtpx:TrackPointExtension>
        </extensions>
      </trkpt>
      <trkpt lat="51.04187462478876" lon="13.752900240942836">
        <ele>118.80000305175781</ele>
        <time>2025-07-08T04:50:21.000Z</time>
        <extensions>
          <gpxtpx:TrackPointExtension>
            <gpxtpx:hr>162</gpxtpx:hr>
            <gpxtpx:cad>80</gpxtpx:cad>
          </gpxtpx:TrackPointExtension>
        </extensions>
      </trkpt>
      <trkpt lat="51.041737832129" lon="13.753165444359183">
        <ele>119.4000015258789</ele>
        <time>2025-07-08T04:50:27.000Z</time>
        <extensions>
          <gpxtpx:TrackPointExtension>
            <gpxtpx:hr>164</gpxtpx:hr>
            <gpxtpx:cad>81</gpxtpx:cad>
          </gpxtpx:TrackPointExtension>
        </extensions>
      </trkpt>
      <trkpt lat="51.04162584990263" lon="13.753420589491725">
        <ele>119.19999694824219</ele>
        <time>2025-07-08T04:50:33.000Z</time>
        <extensions>
          <gpxtpx:TrackPointExtension>
            <gpxtpx:hr>165</gpxtpx:hr>
            <gpxtpx:cad>81</gpxtpx:cad>
          </gpxtpx:TrackPointExtension>
        </extensions>
      </trkpt>
      <trkpt lat="51.04149936698377" lon="13.753672130405903">
        <ele>118.80000305175781</ele>
        <time>2025-07-08T04:50:39.000Z</time>
        <extensions>
          <gpxtpx:TrackPointExtension>
            <gpxtpx:hr>164</gpxtpx:hr>
            <gpxtpx:cad>81</gpxtpx:cad>
          </gpxtpx:TrackPointExtension>
        </extensions>
      </trkpt>
      <trkpt lat="51.041395934298635" lon="13.753946973010898">
        <ele>118</ele>
        <time>2025-07-08T04:50:45.000Z</time>
        <extensions>
          <gpxtpx:TrackPointExtension>
            <gpxtpx:hr>165</gpxtpx:hr>
            <gpxtpx:cad>81</gpxtpx:cad>
          </gpxtpx:TrackPointExtension>
        </extensions>
      </trkpt>
      <trkpt lat="51.04129375889897" lon="13.75421435572207">
        <ele>117.80000305175781</ele>
        <time>2025-07-08T04:50:51.000Z</time>
        <extensions>
          <gpxtpx:TrackPointExtension>
            <gpxtpx:hr>165</gpxtpx:hr>
            <gpxtpx:cad>81</gpxtpx:cad>
          </gpxtpx:TrackPointExtension>
        </extensions>
      </trkpt>
      <trkpt lat="51.0411973670125" lon="13.754484755918384">
        <ele>118.80000305175781</ele>
        <time>2025-07-08T04:50:57.000Z</time>
        <extensions>
          <gpxtpx:TrackPointExtension>
            <gpxtpx:hr>165</gpxtpx:hr>
            <gpxtpx:cad>81</gpxtpx:cad>
          </gpxtpx:TrackPointExtension>
        </extensions>
      </trkpt>
      <trkpt lat="51.041115056723356" lon="13.754764962941408">
        <ele>119.80000305175781</ele>
        <time>2025-07-08T04:51:03.000Z</time>
        <extensions>
          <gpxtpx:TrackPointExtension>
            <gpxtpx:hr>166</gpxtpx:hr>
            <gpxtpx:cad>82</gpxtpx:cad>
          </gpxtpx:TrackPointExtension>
        </extensions>
      </trkpt>
      <trkpt lat="51.041020173579454" lon="13.75504500232637">
        <ele>120.19999694824219</ele>
        <time>2025-07-08T04:51:09.000Z</time>
        <extensions>
          <gpxtpx:TrackPointExtension>
            <gpxtpx:hr>166</gpxtpx:hr>
            <gpxtpx:cad>81</gpxtpx:cad>
          </gpxtpx:TrackPointExtension>
        </extensions>
      </trkpt>
      <trkpt lat="51.040930319577456" lon="13.755325376987457">
        <ele>122.19999694824219</ele>
        <time>2025-07-08T04:51:15.000Z</time>
        <extensions>
          <gpxtpx:TrackPointExtension>
            <gpxtpx:hr>168</gpxtpx:hr>
            <gpxtpx:cad>81</gpxtpx:cad>
          </gpxtpx:TrackPointExtension>
        </extensions>
      </trkpt>
      <trkpt lat="51.04084046557546" lon="13.755605164915323">
        <ele>123</ele>
        <time>2025-07-08T04:51:21.000Z</time>
        <extensions>
          <gpxtpx:TrackPointExtension>
            <gpxtpx:hr>168</gpxtpx:hr>
            <gpxtpx:cad>81</gpxtpx:cad>
          </gpxtpx:TrackPointExtension>
        </extensions>
      </trkpt>
      <trkpt lat="51.040747594088316" lon="13.755875397473574">
        <ele>122.80000305175781</ele>
        <time>2025-07-08T04:51:27.000Z</time>
        <extensions>
          <gpxtpx:TrackPointExtension>
            <gpxtpx:hr>166</gpxtpx:hr>
            <gpxtpx:cad>81</gpxtpx:cad>
          </gpxtpx:TrackPointExtension>
        </extensions>
      </trkpt>
      <trkpt lat="51.04069059714675" lon="13.75605896115303">
        <ele>122.4000015258789</ele>
        <time>2025-07-08T04:51:31.000Z</time>
        <extensions>
          <gpxtpx:TrackPointExtension>
            <gpxtpx:hr>163</gpxtpx:hr>
            <gpxtpx:cad>81</gpxtpx:cad>
          </gpxtpx:TrackPointExtension>
        </extensions>
      </trkpt>
      <trkpt lat="51.040587835013866" lon="13.756336737424135">
        <ele>121</ele>
        <time>2025-07-08T04:51:37.000Z</time>
        <extensions>
          <gpxtpx:TrackPointExtension>
            <gpxtpx:hr>162</gpxtpx:hr>
            <gpxtpx:cad>81</gpxtpx:cad>
          </gpxtpx:TrackPointExtension>
        </extensions>
      </trkpt>
      <trkpt lat="51.040487587451935" lon="13.756623566150665">
        <ele>121</ele>
        <time>2025-07-08T04:51:43.000Z</time>
        <extensions>
          <gpxtpx:TrackPointExtension>
            <gpxtpx:hr>164</gpxtpx:hr>
            <gpxtpx:cad>80</gpxtpx:cad>
          </gpxtpx:TrackPointExtension>
        </extensions>
      </trkpt>
      <trkpt lat="51.04038314893842" lon="13.756896732375026">
        <ele>120.5999984741211</ele>
        <time>2025-07-08T04:51:49.000Z</time>
        <extensions>
          <gpxtpx:TrackPointExtension>
            <gpxtpx:hr>167</gpxtpx:hr>
            <gpxtpx:cad>81</gpxtpx:cad>
          </gpxtpx:TrackPointExtension>
        </extensions>
      </trkpt>
      <trkpt lat="51.04026949033141" lon="13.757178699597716">
        <ele>118.80000305175781</ele>
        <time>2025-07-08T04:51:55.000Z</time>
        <extensions>
          <gpxtpx:TrackPointExtension>
            <gpxtpx:hr>167</gpxtpx:hr>
            <gpxtpx:cad>81</gpxtpx:cad>
          </gpxtpx:TrackPointExtension>
        </extensions>
      </trkpt>
      <trkpt lat="51.040227161720395" lon="13.757378105074167">
        <ele>118</ele>
        <time>2025-07-08T04:51:59.000Z</time>
        <extensions>
          <gpxtpx:TrackPointExtension>
            <gpxtpx:hr>170</gpxtpx:hr>
            <gpxtpx:cad>81</gpxtpx:cad>
          </gpxtpx:TrackPointExtension>
        </extensions>
      </trkpt>
      <trkpt lat="51.04009791277349" lon="13.75759712420404">
        <ele>119</ele>
        <time>2025-07-08T04:52:04.000Z</time>
        <extensions>
          <gpxtpx:TrackPointExtension>
            <gpxtpx:hr>170</gpxtpx:hr>
            <gpxtpx:cad>81</gpxtpx:cad>
          </gpxtpx:TrackPointExtension>
        </extensions>
      </trkpt>
      <trkpt lat="51.0399766266346" lon="13.757817819714546">
        <ele>119</ele>
        <time>2025-07-08T04:52:09.000Z</time>
        <extensions>
          <gpxtpx:TrackPointExtension>
            <gpxtpx:hr>168</gpxtpx:hr>
            <gpxtpx:cad>81</gpxtpx:cad>
          </gpxtpx:TrackPointExtension>
        </extensions>
      </trkpt>
      <trkpt lat="51.03986891917884" lon="13.758093416690826">
        <ele>119.80000305175781</ele>
        <time>2025-07-08T04:52:15.000Z</time>
        <extensions>
          <gpxtpx:TrackPointExtension>
            <gpxtpx:hr>166</gpxtpx:hr>
            <gpxtpx:cad>81</gpxtpx:cad>
          </gpxtpx:TrackPointExtension>
        </extensions>
      </trkpt>
      <trkpt lat="51.03975735604763" lon="13.75836230814457">
        <ele>119.5999984741211</ele>
        <time>2025-07-08T04:52:21.000Z</time>
        <extensions>
          <gpxtpx:TrackPointExtension>
            <gpxtpx:hr>165</gpxtpx:hr>
            <gpxtpx:cad>81</gpxtpx:cad>
          </gpxtpx:TrackPointExtension>
        </extensions>
      </trkpt>
      <trkpt lat="51.03966800495982" lon="13.758646622300148">
        <ele>120.19999694824219</ele>
        <time>2025-07-08T04:52:27.000Z</time>
        <extensions>
          <gpxtpx:TrackPointExtension>
            <gpxtpx:hr>165</gpxtpx:hr>
            <gpxtpx:cad>81</gpxtpx:cad>
          </gpxtpx:TrackPointExtension>
        </extensions>
      </trkpt>
      <trkpt lat="51.039621736854315" lon="13.758942922577262">
        <ele>120</ele>
        <time>2025-07-08T04:52:33.000Z</time>
        <extensions>
          <gpxtpx:TrackPointExtension>
            <gpxtpx:hr>164</gpxtpx:hr>
            <gpxtpx:cad>81</gpxtpx:cad>
          </gpxtpx:TrackPointExtension>
        </extensions>
      </trkpt>
      <trkpt lat="51.03952635079622" lon="13.759190607815981">
        <ele>117.80000305175781</ele>
        <time>2025-07-08T04:52:38.000Z</time>
        <extensions>
          <gpxtpx:TrackPointExtension>
            <gpxtpx:hr>166</gpxtpx:hr>
            <gpxtpx:cad>82</gpxtpx:cad>
          </gpxtpx:TrackPointExtension>
        </extensions>
      </trkpt>
      <trkpt lat="51.03940539993346" lon="13.759421277791262">
        <ele>118</ele>
        <time>2025-07-08T04:52:43.000Z</time>
        <extensions>
          <gpxtpx:TrackPointExtension>
            <gpxtpx:hr>167</gpxtpx:hr>
            <gpxtpx:cad>81</gpxtpx:cad>
          </gpxtpx:TrackPointExtension>
        </extensions>
      </trkpt>
      <trkpt lat="51.039266008883715" lon="13.759639374911785">
        <ele>118</ele>
        <time>2025-07-08T04:52:48.000Z</time>
        <extensions>
          <gpxtpx:TrackPointExtension>
            <gpxtpx:hr>168</gpxtpx:hr>
            <gpxtpx:cad>80</gpxtpx:cad>
          </gpxtpx:TrackPointExtension>
        </extensions>
      </trkpt>
      <trkpt lat="51.03910985402763" lon="13.759819250553846">
        <ele>118.80000305175781</ele>
        <time>2025-07-08T04:52:53.000Z</time>
        <extensions>
          <gpxtpx:TrackPointExtension>
            <gpxtpx:hr>167</gpxtpx:hr>
            <gpxtpx:cad>81</gpxtpx:cad>
          </gpxtpx:TrackPointExtension>
        </extensions>
      </trkpt>
      <trkpt lat="51.03892536833882" lon="13.759927460923791">
        <ele>117.19999694824219</ele>
        <time>2025-07-08T04:52:58.000Z</time>
        <extensions>
          <gpxtpx:TrackPointExtension>
            <gpxtpx:hr>167</gpxtpx:hr>
            <gpxtpx:cad>81</gpxtpx:cad>
          </gpxtpx:TrackPointExtension>
        </extensions>
      </trkpt>
      <trkpt lat="51.0387450736016" lon="13.759898710995913">
        <ele>116.19999694824219</ele>
        <time>2025-07-08T04:53:03.000Z</time>
        <extensions>
          <gpxtpx:TrackPointExtension>
            <gpxtpx:hr>166</gpxtpx:hr>
            <gpxtpx:cad>81</gpxtpx:cad>
          </gpxtpx:TrackPointExtension>
        </extensions>
      </trkpt>
      <trkpt lat="51.03853586129844" lon="13.759900471195579">
        <ele>114.5999984741211</ele>
        <time>2025-07-08T04:53:09.000Z</time>
        <extensions>
          <gpxtpx:TrackPointExtension>
            <gpxtpx:hr>168</gpxtpx:hr>
            <gpxtpx:cad>81</gpxtpx:cad>
          </gpxtpx:TrackPointExtension>
        </extensions>
      </trkpt>
      <trkpt lat="51.038376688957214" lon="13.760123932734132">
        <ele>114.5999984741211</ele>
        <time>2025-07-08T04:53:15.000Z</time>
        <extensions>
          <gpxtpx:TrackPointExtension>
            <gpxtpx:hr>166</gpxtpx:hr>
            <gpxtpx:cad>81</gpxtpx:cad>
          </gpxtpx:TrackPointExtension>
        </extensions>
      </trkpt>
      <trkpt lat="51.03827518410981" lon="13.760407492518425">
        <ele>115.80000305175781</ele>
        <time>2025-07-08T04:53:21.000Z</time>
        <extensions>
          <gpxtpx:TrackPointExtension>
            <gpxtpx:hr>165</gpxtpx:hr>
            <gpxtpx:cad>80</gpxtpx:cad>
          </gpxtpx:TrackPointExtension>
        </extensions>
      </trkpt>
      <trkpt lat="51.03818491101265" lon="13.76069063320756">
        <ele>117</ele>
        <time>2025-07-08T04:53:27.000Z</time>
        <extensions>
          <gpxtpx:TrackPointExtension>
            <gpxtpx:hr>166</gpxtpx:hr>
            <gpxtpx:cad>80</gpxtpx:cad>
          </gpxtpx:TrackPointExtension>
        </extensions>
      </trkpt>
      <trkpt lat="51.03808868676424" lon="13.760981485247612">
        <ele>116.19999694824219</ele>
        <time>2025-07-08T04:53:33.000Z</time>
        <extensions>
          <gpxtpx:TrackPointExtension>
            <gpxtpx:hr>166</gpxtpx:hr>
            <gpxtpx:cad>80</gpxtpx:cad>
          </gpxtpx:TrackPointExtension>
        </extensions>
      </trkpt>
      <trkpt lat="51.03799472562969" lon="13.761249706149101">
        <ele>115</ele>
        <time>2025-07-08T04:53:39.000Z</time>
        <extensions>
          <gpxtpx:TrackPointExtension>
            <gpxtpx:hr>168</gpxtpx:hr>
            <gpxtpx:cad>80</gpxtpx:cad>
          </gpxtpx:TrackPointExtension>
        </extensions>
      </trkpt>
      <trkpt lat="51.037911577150226" lon="13.761529410257936">
        <ele>114.5999984741211</ele>
        <time>2025-07-08T04:53:45.000Z</time>
        <extensions>
          <gpxtpx:TrackPointExtension>
            <gpxtpx:hr>168</gpxtpx:hr>
            <gpxtpx:cad>80</gpxtpx:cad>
          </gpxtpx:TrackPointExtension>
        </extensions>
      </trkpt>
      <trkpt lat="51.037813341245055" lon="13.761805007234216">
        <ele>114.4000015258789</ele>
        <time>2025-07-08T04:53:51.000Z</time>
        <extensions>
          <gpxtpx:TrackPointExtension>
            <gpxtpx:hr>168</gpxtpx:hr>
            <gpxtpx:cad>80</gpxtpx:cad>
          </gpxtpx:TrackPointExtension>
        </extensions>
      </trkpt>
      <trkpt lat="51.037691133096814" lon="13.762068282812834">
        <ele>115.80000305175781</ele>
        <time>2025-07-08T04:53:57.000Z</time>
        <extensions>
          <gpxtpx:TrackPointExtension>
            <gpxtpx:hr>167</gpxtpx:hr>
            <gpxtpx:cad>80</gpxtpx:cad>
          </gpxtpx:TrackPointExtension>
        </extensions>
      </trkpt>
      <trkpt lat="51.0375605430454" lon="13.762325271964073">
        <ele>117.80000305175781</ele>
        <time>2025-07-08T04:54:03.000Z</time>
        <extensions>
          <gpxtpx:TrackPointExtension>
            <gpxtpx:hr>167</gpxtpx:hr>
            <gpxtpx:cad>79</gpxtpx:cad>
          </gpxtpx:TrackPointExtension>
        </extensions>
      </trkpt>
      <trkpt lat="51.03738494217396" lon="13.762410348281264">
        <ele>119.4000015258789</ele>
        <time>2025-07-08T04:54:09.000Z</time>
        <extensions>
          <gpxtpx:TrackPointExtension>
            <gpxtpx:hr>167</gpxtpx:hr>
            <gpxtpx:cad>80</gpxtpx:cad>
          </gpxtpx:TrackPointExtension>
        </extensions>
      </trkpt>
      <trkpt lat="51.03723666630685" lon="13.762245643883944">
        <ele>118.5999984741211</ele>
        <time>2025-07-08T04:54:14.000Z</time>
        <extensions>
          <gpxtpx:TrackPointExtension>
            <gpxtpx:hr>165</gpxtpx:hr>
            <gpxtpx:cad>80</gpxtpx:cad>
          </gpxtpx:TrackPointExtension>
        </extensions>
      </trkpt>
      <trkpt lat="51.03707078844309" lon="13.762060822919011">
        <ele>118</ele>
        <time>2025-07-08T04:54:20.000Z</time>
        <extensions>
          <gpxtpx:TrackPointExtension>
            <gpxtpx:hr>165</gpxtpx:hr>
            <gpxtpx:cad>79</gpxtpx:cad>
          </gpxtpx:TrackPointExtension>
        </extensions>
      </trkpt>
      <trkpt lat="51.03704287670553" lon="13.762030061334372">
        <ele>118.19999694824219</ele>
        <time>2025-07-08T04:54:21.000Z</time>
        <extensions>
          <gpxtpx:TrackPointExtension>
            <gpxtpx:hr>165</gpxtpx:hr>
            <gpxtpx:cad>80</gpxtpx:cad>
          </gpxtpx:TrackPointExtension>
        </extensions>
      </trkpt>
      <trkpt lat="51.03686518035829" lon="13.761851694434881">
        <ele>119.4000015258789</ele>
        <time>2025-07-08T04:54:27.000Z</time>
        <extensions>
          <gpxtpx:TrackPointExtension>
            <gpxtpx:hr>166</gpxtpx:hr>
            <gpxtpx:cad>80</gpxtpx:cad>
          </gpxtpx:TrackPointExtension>
        </extensions>
      </trkpt>
      <trkpt lat="51.03668924421072" lon="13.761697635054588">
        <ele>121</ele>
        <time>2025-07-08T04:54:33.000Z</time>
        <extensions>
          <gpxtpx:TrackPointExtension>
            <gpxtpx:hr>166</gpxtpx:hr>
            <gpxtpx:cad>80</gpxtpx:cad>
          </gpxtpx:TrackPointExtension>
        </extensions>
      </trkpt>
      <trkpt lat="51.036513056606054" lon="13.761551203206182">
        <ele>122.80000305175781</ele>
        <time>2025-07-08T04:54:39.000Z</time>
        <extensions>
          <gpxtpx:TrackPointExtension>
            <gpxtpx:hr>166</gpxtpx:hr>
            <gpxtpx:cad>80</gpxtpx:cad>
          </gpxtpx:TrackPointExtension>
        </extensions>
      </trkpt>
      <trkpt lat="51.03634080849588" lon="13.761373087763786">
        <ele>123.80000305175781</ele>
        <time>2025-07-08T04:54:45.000Z</time>
        <extensions>
          <gpxtpx:TrackPointExtension>
            <gpxtpx:hr>167</gpxtpx:hr>
            <gpxtpx:cad>80</gpxtpx:cad>
          </gpxtpx:TrackPointExtension>
        </extensions>
      </trkpt>
      <trkpt lat="51.03617618791759" lon="13.761220118030906">
        <ele>124.4000015258789</ele>
        <time>2025-07-08T04:54:51.000Z</time>
        <extensions>
          <gpxtpx:TrackPointExtension>
            <gpxtpx:hr>168</gpxtpx:hr>
            <gpxtpx:cad>79</gpxtpx:cad>
          </gpxtpx:TrackPointExtension>
        </extensions>
      </trkpt>
      <trkpt lat="51.03601651266217" lon="13.761053318157792">
        <ele>124.4000015258789</ele>
        <time>2025-07-08T04:54:57.000Z</time>
        <extensions>
          <gpxtpx:TrackPointExtension>
            <gpxtpx:hr>168</gpxtpx:hr>
            <gpxtpx:cad>80</gpxtpx:cad>
          </gpxtpx:TrackPointExtension>
        </extensions>
      </trkpt>
      <trkpt lat="51.0358701646328" lon="13.76087972894311">
        <ele>124.4000015258789</ele>
        <time>2025-07-08T04:55:03.000Z</time>
        <extensions>
          <gpxtpx:TrackPointExtension>
            <gpxtpx:hr>168</gpxtpx:hr>
            <gpxtpx:cad>80</gpxtpx:cad>
          </gpxtpx:TrackPointExtension>
        </extensions>
      </trkpt>
      <trkpt lat="51.03570906445384" lon="13.760698344558477">
        <ele>125</ele>
        <time>2025-07-08T04:55:09.000Z</time>
        <extensions>
          <gpxtpx:TrackPointExtension>
            <gpxtpx:hr>166</gpxtpx:hr>
            <gpxtpx:cad>80</gpxtpx:cad>
          </gpxtpx:TrackPointExtension>
        </extensions>
      </trkpt>
      <trkpt lat="51.03562893345952" lon="13.760622069239616">
        <ele>125.5999984741211</ele>
        <time>2025-07-08T04:55:12.000Z</time>
        <extensions>
          <gpxtpx:TrackPointExtension>
            <gpxtpx:hr>163</gpxtpx:hr>
            <gpxtpx:cad>81</gpxtpx:cad>
          </gpxtpx:TrackPointExtension>
        </extensions>
      </trkpt>
      <trkpt lat="51.03545953519642" lon="13.760460801422596">
        <ele>126.19999694824219</ele>
        <time>2025-07-08T04:55:18.000Z</time>
        <extensions>
          <gpxtpx:TrackPointExtension>
            <gpxtpx:hr>166</gpxtpx:hr>
            <gpxtpx:cad>80</gpxtpx:cad>
          </gpxtpx:TrackPointExtension>
        </extensions>
      </trkpt>
      <trkpt lat="51.03537529706955" lon="13.76036373898387">
        <ele>126</ele>
        <time>2025-07-08T04:55:21.000Z</time>
        <extensions>
          <gpxtpx:TrackPointExtension>
            <gpxtpx:hr>169</gpxtpx:hr>
            <gpxtpx:cad>80</gpxtpx:cad>
          </gpxtpx:TrackPointExtension>
        </extensions>
      </trkpt>
      <trkpt lat="51.03520765900612" lon="13.760204818099737">
        <ele>125</ele>
        <time>2025-07-08T04:55:27.000Z</time>
        <extensions>
          <gpxtpx:TrackPointExtension>
            <gpxtpx:hr>169</gpxtpx:hr>
            <gpxtpx:cad>79</gpxtpx:cad>
          </gpxtpx:TrackPointExtension>
        </extensions>
      </trkpt>
      <trkpt lat="51.035045720636845" lon="13.760033575817943">
        <ele>123</ele>
        <time>2025-07-08T04:55:33.000Z</time>
        <extensions>
          <gpxtpx:TrackPointExtension>
            <gpxtpx:hr>167</gpxtpx:hr>
            <gpxtpx:cad>80</gpxtpx:cad>
          </gpxtpx:TrackPointExtension>
        </extensions>
      </trkpt>
      <trkpt lat="51.034884033724666" lon="13.759881192818284">
        <ele>120.80000305175781</ele>
        <time>2025-07-08T04:55:39.000Z</time>
        <extensions>
          <gpxtpx:TrackPointExtension>
            <gpxtpx:hr>168</gpxtpx:hr>
            <gpxtpx:cad>80</gpxtpx:cad>
          </gpxtpx:TrackPointExtension>
        </extensions>
      </trkpt>
      <trkpt lat="51.03471622802317" lon="13.759723445400596">
        <ele>119.19999694824219</ele>
        <time>2025-07-08T04:55:45.000Z</time>
        <extensions>
          <gpxtpx:TrackPointExtension>
            <gpxtpx:hr>167</gpxtpx:hr>
            <gpxtpx:cad>80</gpxtpx:cad>
          </gpxtpx:TrackPointExtension>
        </extensions>
      </trkpt>
      <trkpt lat="51.03453190997243" lon="13.759571984410286">
        <ele>118</ele>
        <time>2025-07-08T04:55:51.000Z</time>
        <extensions>
          <gpxtpx:TrackPointExtension>
            <gpxtpx:hr>166</gpxtpx:hr>
            <gpxtpx:cad>79</gpxtpx:cad>
          </gpxtpx:TrackPointExtension>
        </extensions>
      </trkpt>
      <trkpt lat="51.03435748256743" lon="13.75939629971981">
        <ele>117.5999984741211</ele>
        <time>2025-07-08T04:55:57.000Z</time>
        <extensions>
          <gpxtpx:TrackPointExtension>
            <gpxtpx:hr>167</gpxtpx:hr>
            <gpxtpx:cad>79</gpxtpx:cad>
          </gpxtpx:TrackPointExtension>
        </extensions>
      </trkpt>
      <trkpt lat="51.03430911898613" lon="13.759333519265056">
        <ele>117.5999984741211</ele>
        <time>2025-07-08T04:55:59.000Z</time>
        <extensions>
          <gpxtpx:TrackPointExtension>
            <gpxtpx:hr>171</gpxtpx:hr>
            <gpxtpx:cad>79</gpxtpx:cad>
          </gpxtpx:TrackPointExtension>
        </extensions>
      </trkpt>
      <trkpt lat="51.03428321890533" lon="13.759319856762886">
        <ele>117.5999984741211</ele>
        <time>2025-07-08T04:56:00.000Z</time>
        <extensions>
          <gpxtpx:TrackPointExtension>
            <gpxtpx:hr>167</gpxtpx:hr>
            <gpxtpx:cad>79</gpxtpx:cad>
          </gpxtpx:TrackPointExtension>
        </extensions>
      </trkpt>
      <trkpt lat="51.03426855057478" lon="13.759323796257377">
        <ele>117.5999984741211</ele>
        <time>2025-07-08T04:56:01.000Z</time>
        <extensions>
          <gpxtpx:TrackPointExtension>
            <gpxtpx:hr>166</gpxtpx:hr>
            <gpxtpx:cad>80</gpxtpx:cad>
          </gpxtpx:TrackPointExtension>
        </extensions>
      </trkpt>
      <trkpt lat="51.03432244621217" lon="13.759416248649359">
        <ele>117.4000015258789</ele>
        <time>2025-07-08T04:56:04.000Z</time>
        <extensions>
          <gpxtpx:TrackPointExtension>
            <gpxtpx:hr>169</gpxtpx:hr>
            <gpxtpx:cad>78</gpxtpx:cad>
          </gpxtpx:TrackPointExtension>
        </extensions>
      </trkpt>
      <trkpt lat="51.0343848913908" lon="13.759477017447352">
        <ele>117.4000015258789</ele>
        <time>2025-07-08T04:56:06.000Z</time>
        <extensions>
          <gpxtpx:TrackPointExtension>
            <gpxtpx:hr>172</gpxtpx:hr>
            <gpxtpx:cad>80</gpxtpx:cad>
          </gpxtpx:TrackPointExtension>
        </extensions>
      </trkpt>
      <trkpt lat="51.03448488749564" lon="13.759557818993926">
        <ele>117.80000305175781</ele>
        <time>2025-07-08T04:56:09.000Z</time>
        <extensions>
          <gpxtpx:TrackPointExtension>
            <gpxtpx:hr>175</gpxtpx:hr>
            <gpxtpx:cad>80</gpxtpx:cad>
          </gpxtpx:TrackPointExtension>
        </extensions>
      </trkpt>
      <trkpt lat="51.03464053943753" lon="13.759700143709779">
        <ele>118.80000305175781</ele>
        <time>2025-07-08T04:56:14.000Z</time>
        <extensions>
          <gpxtpx:TrackPointExtension>
            <gpxtpx:hr>178</gpxtpx:hr>
            <gpxtpx:cad>79</gpxtpx:cad>
          </gpxtpx:TrackPointExtension>
        </extensions>
      </trkpt>
      <trkpt lat="51.034805830568075" lon="13.759872643277049">
        <ele>120.4000015258789</ele>
        <time>2025-07-08T04:56:20.000Z</time>
        <extensions>
          <gpxtpx:TrackPointExtension>
            <gpxtpx:hr>177</gpxtpx:hr>
            <gpxtpx:cad>80</gpxtpx:cad>
          </gpxtpx:TrackPointExtension>
        </extensions>
      </trkpt>
      <trkpt lat="51.03496676310897" lon="13.760039191693068">
        <ele>122.4000015258789</ele>
        <time>2025-07-08T04:56:26.000Z</time>
        <extensions>
          <gpxtpx:TrackPointExtension>
            <gpxtpx:hr>176</gpxtpx:hr>
            <gpxtpx:cad>80</gpxtpx:cad>
          </gpxtpx:TrackPointExtension>
        </extensions>
      </trkpt>
      <trkpt lat="51.035140017047524" lon="13.760180091485381">
        <ele>124.80000305175781</ele>
        <time>2025-07-08T04:56:32.000Z</time>
        <extensions>
          <gpxtpx:TrackPointExtension>
            <gpxtpx:hr>176</gpxtpx:hr>
            <gpxtpx:cad>79</gpxtpx:cad>
          </gpxtpx:TrackPointExtension>
        </extensions>
      </trkpt>
      <trkpt lat="51.03531905449927" lon="13.760322332382202">
        <ele>125.80000305175781</ele>
        <time>2025-07-08T04:56:38.000Z</time>
        <extensions>
          <gpxtpx:TrackPointExtension>
            <gpxtpx:hr>177</gpxtpx:hr>
            <gpxtpx:cad>80</gpxtpx:cad>
          </gpxtpx:TrackPointExtension>
        </extensions>
      </trkpt>
      <trkpt lat="51.03549348190427" lon="13.760492149740458">
        <ele>126</ele>
        <time>2025-07-08T04:56:44.000Z</time>
        <extensions>
          <gpxtpx:TrackPointExtension>
            <gpxtpx:hr>174</gpxtpx:hr>
            <gpxtpx:cad>81</gpxtpx:cad>
          </gpxtpx:TrackPointExtension>
        </extensions>
      </trkpt>
      <trkpt lat="51.03565810248256" lon="13.760664649307728">
        <ele>125.4000015258789</ele>
        <time>2025-07-08T04:56:50.000Z</time>
        <extensions>
          <gpxtpx:TrackPointExtension>
            <gpxtpx:hr>172</gpxtpx:hr>
            <gpxtpx:cad>80</gpxtpx:cad>
          </gpxtpx:TrackPointExtension>
        </extensions>
      </trkpt>
      <trkpt lat="51.03582322597504" lon="13.760831197723746">
        <ele>124.5999984741211</ele>
        <time>2025-07-08T04:56:56.000Z</time>
        <extensions>
          <gpxtpx:TrackPointExtension>
            <gpxtpx:hr>173</gpxtpx:hr>
            <gpxtpx:cad>80</gpxtpx:cad>
          </gpxtpx:TrackPointExtension>
        </extensions>
      </trkpt>
      <trkpt lat="51.03598969057202" lon="13.761012917384505">
        <ele>124.4000015258789</ele>
        <time>2025-07-08T04:57:02.000Z</time>
        <extensions>
          <gpxtpx:TrackPointExtension>
            <gpxtpx:hr>175</gpxtpx:hr>
            <gpxtpx:cad>81</gpxtpx:cad>
          </gpxtpx:TrackPointExtension>
        </extensions>
      </trkpt>
      <trkpt lat="51.03615875355899" lon="13.761182986199856">
        <ele>124.4000015258789</ele>
        <time>2025-07-08T04:57:08.000Z</time>
        <extensions>
          <gpxtpx:TrackPointExtension>
            <gpxtpx:hr>176</gpxtpx:hr>
            <gpxtpx:cad>80</gpxtpx:cad>
          </gpxtpx:TrackPointExtension>
        </extensions>
      </trkpt>
      <trkpt lat="51.03628029115498" lon="13.761288430541754">
        <ele>124</ele>
        <time>2025-07-08T04:57:12.000Z</time>
        <extensions>
          <gpxtpx:TrackPointExtension>
            <gpxtpx:hr>173</gpxtpx:hr>
            <gpxtpx:cad>80</gpxtpx:cad>
          </gpxtpx:TrackPointExtension>
        </extensions>
      </trkpt>
      <trkpt lat="51.036461340263486" lon="13.761443831026554">
        <ele>123.19999694824219</ele>
        <time>2025-07-08T04:57:18.000Z</time>
        <extensions>
          <gpxtpx:TrackPointExtension>
            <gpxtpx:hr>174</gpxtpx:hr>
            <gpxtpx:cad>80</gpxtpx:cad>
          </gpxtpx:TrackPointExtension>
        </extensions>
      </trkpt>
      <trkpt lat="51.03663065470755" lon="13.761598812416196">
        <ele>121.80000305175781</ele>
        <time>2025-07-08T04:57:24.000Z</time>
        <extensions>
          <gpxtpx:TrackPointExtension>
            <gpxtpx:hr>173</gpxtpx:hr>
            <gpxtpx:cad>80</gpxtpx:cad>
          </gpxtpx:TrackPointExtension>
        </extensions>
      </trkpt>
      <trkpt lat="51.03680902160704" lon="13.76176175661385">
        <ele>120</ele>
        <time>2025-07-08T04:57:30.000Z</time>
        <extensions>
          <gpxtpx:TrackPointExtension>
            <gpxtpx:hr>173</gpxtpx:hr>
            <gpxtpx:cad>81</gpxtpx:cad>
          </gpxtpx:TrackPointExtension>
        </extensions>
      </trkpt>
      <trkpt lat="51.03697129525244" lon="13.761946493759751">
        <ele>118.5999984741211</ele>
        <time>2025-07-08T04:57:36.000Z</time>
        <extensions>
          <gpxtpx:TrackPointExtension>
            <gpxtpx:hr>173</gpxtpx:hr>
            <gpxtpx:cad>80</gpxtpx:cad>
          </gpxtpx:TrackPointExtension>
        </extensions>
      </trkpt>
      <trkpt lat="51.03713189251721" lon="13.76213458366692">
        <ele>118.19999694824219</ele>
        <time>2025-07-08T04:57:42.000Z</time>
        <extensions>
          <gpxtpx:TrackPointExtension>
            <gpxtpx:hr>173</gpxtpx:hr>
            <gpxtpx:cad>80</gpxtpx:cad>
          </gpxtpx:TrackPointExtension>
        </extensions>
      </trkpt>
      <trkpt lat="51.03729844093323" lon="13.76232024282217">
        <ele>118.80000305175781</ele>
        <time>2025-07-08T04:57:48.000Z</time>
        <extensions>
          <gpxtpx:TrackPointExtension>
            <gpxtpx:hr>173</gpxtpx:hr>
            <gpxtpx:cad>80</gpxtpx:cad>
          </gpxtpx:TrackPointExtension>
        </extensions>
      </trkpt>
      <trkpt lat="51.03740036487579" lon="13.76257580704987">
        <ele>119.80000305175781</ele>
        <time>2025-07-08T04:57:54.000Z</time>
        <extensions>
          <gpxtpx:TrackPointExtension>
            <gpxtpx:hr>175</gpxtpx:hr>
            <gpxtpx:cad>79</gpxtpx:cad>
          </gpxtpx:TrackPointExtension>
        </extensions>
      </trkpt>
      <trkpt lat="51.037303134799004" lon="13.762874118983746">
        <ele>119.19999694824219</ele>
        <time>2025-07-08T04:58:00.000Z</time>
        <extensions>
          <gpxtpx:TrackPointExtension>
            <gpxtpx:hr>173</gpxtpx:hr>
            <gpxtpx:cad>81</gpxtpx:cad>
          </gpxtpx:TrackPointExtension>
        </extensions>
      </trkpt>
      <trkpt lat="51.03723490610719" lon="13.76316706649959">
        <ele>116.80000305175781</ele>
        <time>2025-07-08T04:58:06.000Z</time>
        <extensions>
          <gpxtpx:TrackPointExtension>
            <gpxtpx:hr>172</gpxtpx:hr>
            <gpxtpx:cad>80</gpxtpx:cad>
          </gpxtpx:TrackPointExtension>
        </extensions>
      </trkpt>
      <trkpt lat="51.03717975318432" lon="13.763468898832798">
        <ele>114.80000305175781</ele>
        <time>2025-07-08T04:58:12.000Z</time>
        <extensions>
          <gpxtpx:TrackPointExtension>
            <gpxtpx:hr>174</gpxtpx:hr>
            <gpxtpx:cad>80</gpxtpx:cad>
          </gpxtpx:TrackPointExtension>
        </extensions>
      </trkpt>
      <trkpt lat="51.03706165216863" lon="13.763735191896558">
        <ele>114.19999694824219</ele>
        <time>2025-07-08T04:58:18.000Z</time>
        <extensions>
          <gpxtpx:TrackPointExtension>
            <gpxtpx:hr>173</gpxtpx:hr>
            <gpxtpx:cad>79</gpxtpx:cad>
          </gpxtpx:TrackPointExtension>
        </extensions>
      </trkpt>
      <trkpt lat="51.03696199133992" lon="13.763981787487864">
        <ele>115</ele>
        <time>2025-07-08T04:58:23.000Z</time>
        <extensions>
          <gpxtpx:TrackPointExtension>
            <gpxtpx:hr>173</gpxtpx:hr>
            <gpxtpx:cad>80</gpxtpx:cad>
          </gpxtpx:TrackPointExtension>
        </extensions>
      </trkpt>
      <trkpt lat="51.03684305213392" lon="13.764257049188018">
        <ele>115</ele>
        <time>2025-07-08T04:58:29.000Z</time>
        <extensions>
          <gpxtpx:TrackPointExtension>
            <gpxtpx:hr>173</gpxtpx:hr>
            <gpxtpx:cad>80</gpxtpx:cad>
          </gpxtpx:TrackPointExtension>
        </extensions>
      </trkpt>
      <trkpt lat="51.03674900718033" lon="13.764515966176987">
        <ele>114.19999694824219</ele>
        <time>2025-07-08T04:58:35.000Z</time>
        <extensions>
          <gpxtpx:TrackPointExtension>
            <gpxtpx:hr>174</gpxtpx:hr>
            <gpxtpx:cad>80</gpxtpx:cad>
          </gpxtpx:TrackPointExtension>
        </extensions>
      </trkpt>
      <trkpt lat="51.0366558842361" lon="13.764776643365622">
        <ele>113.5999984741211</ele>
        <time>2025-07-08T04:58:41.000Z</time>
        <extensions>
          <gpxtpx:TrackPointExtension>
            <gpxtpx:hr>173</gpxtpx:hr>
            <gpxtpx:cad>80</gpxtpx:cad>
          </gpxtpx:TrackPointExtension>
        </extensions>
      </trkpt>
      <trkpt lat="51.036554630845785" lon="13.76505944877863">
        <ele>112.19999694824219</ele>
        <time>2025-07-08T04:58:47.000Z</time>
        <extensions>
          <gpxtpx:TrackPointExtension>
            <gpxtpx:hr>173</gpxtpx:hr>
            <gpxtpx:cad>80</gpxtpx:cad>
          </gpxtpx:TrackPointExtension>
        </extensions>
      </trkpt>
      <trkpt lat="51.036507776007056" lon="13.765268828719854">
        <ele>113</ele>
        <time>2025-07-08T04:58:51.000Z</time>
        <extensions>
          <gpxtpx:TrackPointExtension>
            <gpxtpx:hr>174</gpxtpx:hr>
            <gpxtpx:cad>80</gpxtpx:cad>
          </gpxtpx:TrackPointExtension>
        </extensions>
      </trkpt>
      <trkpt lat="51.03647533804178" lon="13.765576360747218">
        <ele>114</ele>
        <time>2025-07-08T04:58:57.000Z</time>
        <extensions>
          <gpxtpx:TrackPointExtension>
            <gpxtpx:hr>174</gpxtpx:hr>
            <gpxtpx:cad>79</gpxtpx:cad>
          </gpxtpx:TrackPointExtension>
        </extensions>
      </trkpt>
      <trkpt lat="51.03645815514028" lon="13.765831757336855">
        <ele>113.80000305175781</ele>
        <time>2025-07-08T04:59:02.000Z</time>
        <extensions>
          <gpxtpx:TrackPointExtension>
            <gpxtpx:hr>177</gpxtpx:hr>
            <gpxtpx:cad>79</gpxtpx:cad>
          </gpxtpx:TrackPointExtension>
        </extensions>
      </trkpt>
      <trkpt lat="51.03644382208586" lon="13.766139792278409">
        <ele>113.80000305175781</ele>
        <time>2025-07-08T04:59:08.000Z</time>
        <extensions>
          <gpxtpx:TrackPointExtension>
            <gpxtpx:hr>176</gpxtpx:hr>
            <gpxtpx:cad>79</gpxtpx:cad>
          </gpxtpx:TrackPointExtension>
        </extensions>
      </trkpt>
      <trkpt lat="51.03641515597701" lon="13.766430811956525">
        <ele>113.5999984741211</ele>
        <time>2025-07-08T04:59:14.000Z</time>
        <extensions>
          <gpxtpx:TrackPointExtension>
            <gpxtpx:hr>177</gpxtpx:hr>
            <gpxtpx:cad>80</gpxtpx:cad>
          </gpxtpx:TrackPointExtension>
        </extensions>
      </trkpt>
      <trkpt lat="51.03633896447718" lon="13.766662487760186">
        <ele>113.80000305175781</ele>
        <time>2025-07-08T04:59:19.000Z</time>
        <extensions>
          <gpxtpx:TrackPointExtension>
            <gpxtpx:hr>174</gpxtpx:hr>
            <gpxtpx:cad>80</gpxtpx:cad>
          </gpxtpx:TrackPointExtension>
        </extensions>
      </trkpt>
      <trkpt lat="51.03623486123979" lon="13.766935653984547">
        <ele>114.80000305175781</ele>
        <time>2025-07-08T04:59:25.000Z</time>
        <extensions>
          <gpxtpx:TrackPointExtension>
            <gpxtpx:hr>175</gpxtpx:hr>
            <gpxtpx:cad>79</gpxtpx:cad>
          </gpxtpx:TrackPointExtension>
        </extensions>
      </trkpt>
      <trkpt lat="51.03614048101008" lon="13.767191721126437">
        <ele>116</ele>
        <time>2025-07-08T04:59:31.000Z</time>
        <extensions>
          <gpxtpx:TrackPointExtension>
            <gpxtpx:hr>174</gpxtpx:hr>
            <gpxtpx:cad>79</gpxtpx:cad>
          </gpxtpx:TrackPointExtension>
        </extensions>
      </trkpt>
      <trkpt lat="51.0360393114388" lon="13.767471257597208">
        <ele>116.5999984741211</ele>
        <time>2025-07-08T04:59:37.000Z</time>
        <extensions>
          <gpxtpx:TrackPointExtension>
            <gpxtpx:hr>173</gpxtpx:hr>
            <gpxtpx:cad>80</gpxtpx:cad>
          </gpxtpx:TrackPointExtension>
        </extensions>
      </trkpt>
      <trkpt lat="51.03592841885984" lon="13.767750207334757">
        <ele>116.4000015258789</ele>
        <time>2025-07-08T04:59:43.000Z</time>
        <extensions>
          <gpxtpx:TrackPointExtension>
            <gpxtpx:hr>172</gpxtpx:hr>
            <gpxtpx:cad>79</gpxtpx:cad>
          </gpxtpx:TrackPointExtension>
        </extensions>
      </trkpt>
      <trkpt lat="51.035822639241815" lon="13.768032509833574">
        <ele>115.19999694824219</ele>
        <time>2025-07-08T04:59:49.000Z</time>
        <extensions>
          <gpxtpx:TrackPointExtension>
            <gpxtpx:hr>174</gpxtpx:hr>
            <gpxtpx:cad>81</gpxtpx:cad>
          </gpxtpx:TrackPointExtension>
        </extensions>
      </trkpt>
      <trkpt lat="51.03572515770793" lon="13.76829419285059">
        <ele>115.19999694824219</ele>
        <time>2025-07-08T04:59:55.000Z</time>
        <extensions>
          <gpxtpx:TrackPointExtension>
            <gpxtpx:hr>173</gpxtpx:hr>
            <gpxtpx:cad>80</gpxtpx:cad>
          </gpxtpx:TrackPointExtension>
        </extensions>
      </trkpt>
      <trkpt lat="51.035627173259854" lon="13.768562246114016">
        <ele>116.5999984741211</ele>
        <time>2025-07-08T05:00:01.000Z</time>
        <extensions>
          <gpxtpx:TrackPointExtension>
            <gpxtpx:hr>174</gpxtpx:hr>
            <gpxtpx:cad>80</gpxtpx:cad>
          </gpxtpx:TrackPointExtension>
        </extensions>
      </trkpt>
      <trkpt lat="51.03553522378206" lon="13.768816804513335">
        <ele>118.19999694824219</ele>
        <time>2025-07-08T05:00:07.000Z</time>
        <extensions>
          <gpxtpx:TrackPointExtension>
            <gpxtpx:hr>174</gpxtpx:hr>
            <gpxtpx:cad>79</gpxtpx:cad>
          </gpxtpx:TrackPointExtension>
        </extensions>
      </trkpt>
      <trkpt lat="51.035448387265205" lon="13.769073626026511">
        <ele>121.5999984741211</ele>
        <time>2025-07-08T05:00:13.000Z</time>
        <extensions>
          <gpxtpx:TrackPointExtension>
            <gpxtpx:hr>173</gpxtpx:hr>
            <gpxtpx:cad>79</gpxtpx:cad>
          </gpxtpx:TrackPointExtension>
        </extensions>
      </trkpt>
      <trkpt lat="51.035366831347346" lon="13.769349809736013">
        <ele>123.80000305175781</ele>
        <time>2025-07-08T05:00:19.000Z</time>
        <extensions>
          <gpxtpx:TrackPointExtension>
            <gpxtpx:hr>173</gpxtpx:hr>
            <gpxtpx:cad>79</gpxtpx:cad>
          </gpxtpx:TrackPointExtension>
        </extensions>
      </trkpt>
      <trkpt lat="51.03528066538274" lon="13.769617611542344">
        <ele>124.5999984741211</ele>
        <time>2025-07-08T05:00:25.000Z</time>
        <extensions>
          <gpxtpx:TrackPointExtension>
            <gpxtpx:hr>172</gpxtpx:hr>
            <gpxtpx:cad>79</gpxtpx:cad>
          </gpxtpx:TrackPointExtension>
        </extensions>
      </trkpt>
      <trkpt lat="51.0351846087724" lon="13.769891615957022">
        <ele>125</ele>
        <time>2025-07-08T05:00:31.000Z</time>
        <extensions>
          <gpxtpx:TrackPointExtension>
            <gpxtpx:hr>172</gpxtpx:hr>
            <gpxtpx:cad>79</gpxtpx:cad>
          </gpxtpx:TrackPointExtension>
        </extensions>
      </trkpt>
      <trkpt lat="51.03507581166923" lon="13.770164782181382">
        <ele>125</ele>
        <time>2025-07-08T05:00:37.000Z</time>
        <extensions>
          <gpxtpx:TrackPointExtension>
            <gpxtpx:hr>172</gpxtpx:hr>
            <gpxtpx:cad>79</gpxtpx:cad>
          </gpxtpx:TrackPointExtension>
        </extensions>
      </trkpt>
      <trkpt lat="51.03496634401381" lon="13.770428309217095">
        <ele>124.5999984741211</ele>
        <time>2025-07-08T05:00:43.000Z</time>
        <extensions>
          <gpxtpx:TrackPointExtension>
            <gpxtpx:hr>172</gpxtpx:hr>
            <gpxtpx:cad>80</gpxtpx:cad>
          </gpxtpx:TrackPointExtension>
        </extensions>
      </trkpt>
      <trkpt lat="51.03485721163452" lon="13.770702062174678">
        <ele>123.5999984741211</ele>
        <time>2025-07-08T05:00:49.000Z</time>
        <extensions>
          <gpxtpx:TrackPointExtension>
            <gpxtpx:hr>174</gpxtpx:hr>
            <gpxtpx:cad>80</gpxtpx:cad>
          </gpxtpx:TrackPointExtension>
        </extensions>
      </trkpt>
      <trkpt lat="51.034753108397126" lon="13.770966846495867">
        <ele>122</ele>
        <time>2025-07-08T05:00:55.000Z</time>
        <extensions>
          <gpxtpx:TrackPointExtension>
            <gpxtpx:hr>174</gpxtpx:hr>
            <gpxtpx:cad>79</gpxtpx:cad>
          </gpxtpx:TrackPointExtension>
        </extensions>
      </trkpt>
      <trkpt lat="51.03463752195239" lon="13.771232049912214">
        <ele>121</ele>
        <time>2025-07-08T05:01:01.000Z</time>
        <extensions>
          <gpxtpx:TrackPointExtension>
            <gpxtpx:hr>175</gpxtpx:hr>
            <gpxtpx:cad>80</gpxtpx:cad>
          </gpxtpx:TrackPointExtension>
        </extensions>
      </trkpt>
      <trkpt lat="51.03453543037176" lon="13.771470934152603">
        <ele>120.80000305175781</ele>
        <time>2025-07-08T05:01:06.000Z</time>
        <extensions>
          <gpxtpx:TrackPointExtension>
            <gpxtpx:hr>176</gpxtpx:hr>
            <gpxtpx:cad>79</gpxtpx:cad>
          </gpxtpx:TrackPointExtension>
        </extensions>
      </trkpt>
      <trkpt lat="51.03445320390165" lon="13.771737478673458">
        <ele>120.4000015258789</ele>
        <time>2025-07-08T05:01:12.000Z</time>
        <extensions>
          <gpxtpx:TrackPointExtension>
            <gpxtpx:hr>175</gpxtpx:hr>
            <gpxtpx:cad>80</gpxtpx:cad>
          </gpxtpx:TrackPointExtension>
        </extensions>
      </trkpt>
      <trkpt lat="51.034353291615844" lon="13.772004442289472">
        <ele>119.19999694824219</ele>
        <time>2025-07-08T05:01:18.000Z</time>
        <extensions>
          <gpxtpx:TrackPointExtension>
            <gpxtpx:hr>175</gpxtpx:hr>
            <gpxtpx:cad>81</gpxtpx:cad>
          </gpxtpx:TrackPointExtension>
        </extensions>
      </trkpt>
      <trkpt lat="51.03423728607595" lon="13.772266712039709">
        <ele>119</ele>
        <time>2025-07-08T05:01:24.000Z</time>
        <extensions>
          <gpxtpx:TrackPointExtension>
            <gpxtpx:hr>177</gpxtpx:hr>
            <gpxtpx:cad>80</gpxtpx:cad>
          </gpxtpx:TrackPointExtension>
        </extensions>
      </trkpt>
      <trkpt lat="51.034136870875955" lon="13.772552870213985">
        <ele>119.5999984741211</ele>
        <time>2025-07-08T05:01:30.000Z</time>
        <extensions>
          <gpxtpx:TrackPointExtension>
            <gpxtpx:hr>175</gpxtpx:hr>
            <gpxtpx:cad>80</gpxtpx:cad>
          </gpxtpx:TrackPointExtension>
        </extensions>
      </trkpt>
      <trkpt lat="51.03403192944825" lon="13.772822264581919">
        <ele>121</ele>
        <time>2025-07-08T05:01:36.000Z</time>
        <extensions>
          <gpxtpx:TrackPointExtension>
            <gpxtpx:hr>173</gpxtpx:hr>
            <gpxtpx:cad>80</gpxtpx:cad>
          </gpxtpx:TrackPointExtension>
        </extensions>
      </trkpt>
      <trkpt lat="51.03393277153373" lon="13.773101465776563">
        <ele>122.5999984741211</ele>
        <time>2025-07-08T05:01:42.000Z</time>
        <extensions>
          <gpxtpx:TrackPointExtension>
            <gpxtpx:hr>173</gpxtpx:hr>
            <gpxtpx:cad>80</gpxtpx:cad>
          </gpxtpx:TrackPointExtension>
        </extensions>
      </trkpt>
      <trkpt lat="51.03381265886128" lon="13.773365076631308">
        <ele>122.80000305175781</ele>
        <time>2025-07-08T05:01:48.000Z</time>
        <extensions>
          <gpxtpx:TrackPointExtension>
            <gpxtpx:hr>172</gpxtpx:hr>
            <gpxtpx:cad>79</gpxtpx:cad>
          </gpxtpx:TrackPointExtension>
        </extensions>
      </trkpt>
      <trkpt lat="51.033690702170134" lon="13.773635812103748">
        <ele>123</ele>
        <time>2025-07-08T05:01:54.000Z</time>
        <extensions>
          <gpxtpx:TrackPointExtension>
            <gpxtpx:hr>173</gpxtpx:hr>
            <gpxtpx:cad>79</gpxtpx:cad>
          </gpxtpx:TrackPointExtension>
        </extensions>
      </trkpt>
      <trkpt lat="51.03355826810002" lon="13.773853573948145">
        <ele>121.5999984741211</ele>
        <time>2025-07-08T05:01:59.000Z</time>
        <extensions>
          <gpxtpx:TrackPointExtension>
            <gpxtpx:hr>173</gpxtpx:hr>
            <gpxtpx:cad>79</gpxtpx:cad>
          </gpxtpx:TrackPointExtension>
        </extensions>
      </trkpt>
      <trkpt lat="51.03342021815479" lon="13.774042837321758">
        <ele>121</ele>
        <time>2025-07-08T05:02:04.000Z</time>
        <extensions>
          <gpxtpx:TrackPointExtension>
            <gpxtpx:hr>174</gpxtpx:hr>
            <gpxtpx:cad>80</gpxtpx:cad>
          </gpxtpx:TrackPointExtension>
        </extensions>
      </trkpt>
      <trkpt lat="51.03327906690538" lon="13.774281051009893">
        <ele>120.19999694824219</ele>
        <time>2025-07-08T05:02:10.000Z</time>
        <extensions>
          <gpxtpx:TrackPointExtension>
            <gpxtpx:hr>174</gpxtpx:hr>
            <gpxtpx:cad>78</gpxtpx:cad>
          </gpxtpx:TrackPointExtension>
        </extensions>
      </trkpt>
      <trkpt lat="51.03324335999787" lon="13.774559497833252">
        <ele>118.19999694824219</ele>
        <time>2025-07-08T05:02:17.000Z</time>
        <extensions>
          <gpxtpx:TrackPointExtension>
            <gpxtpx:hr>174</gpxtpx:hr>
            <gpxtpx:cad>79</gpxtpx:cad>
          </gpxtpx:TrackPointExtension>
        </extensions>
      </trkpt>
      <trkpt lat="51.03333078324795" lon="13.774570729583502">
        <ele>118.80000305175781</ele>
        <time>2025-07-08T05:02:20.000Z</time>
        <extensions>
          <gpxtpx:TrackPointExtension>
            <gpxtpx:hr>173</gpxtpx:hr>
            <gpxtpx:cad>79</gpxtpx:cad>
          </gpxtpx:TrackPointExtension>
        </extensions>
      </trkpt>
      <trkpt lat="51.03345843963325" lon="13.774341149255633">
        <ele>120.5999984741211</ele>
        <time>2025-07-08T05:02:25.000Z</time>
        <extensions>
          <gpxtpx:TrackPointExtension>
            <gpxtpx:hr>171</gpxtpx:hr>
            <gpxtpx:cad>81</gpxtpx:cad>
          </gpxtpx:TrackPointExtension>
        </extensions>
      </trkpt>
      <trkpt lat="51.03350571356714" lon="13.774041160941124">
        <ele>121</ele>
        <time>2025-07-08T05:02:30.000Z</time>
        <extensions>
          <gpxtpx:TrackPointExtension>
            <gpxtpx:hr>172</gpxtpx:hr>
            <gpxtpx:cad>81</gpxtpx:cad>
          </gpxtpx:TrackPointExtension>
        </extensions>
      </trkpt>
      <trkpt lat="51.033554999157786" lon="13.773821974173188">
        <ele>121.80000305175781</ele>
        <time>2025-07-08T05:02:34.000Z</time>
        <extensions>
          <gpxtpx:TrackPointExtension>
            <gpxtpx:hr>175</gpxtpx:hr>
            <gpxtpx:cad>80</gpxtpx:cad>
          </gpxtpx:TrackPointExtension>
        </extensions>
      </trkpt>
      <trkpt lat="51.03366865776479" lon="13.773548137396574">
        <ele>123</ele>
        <time>2025-07-08T05:02:40.000Z</time>
        <extensions>
          <gpxtpx:TrackPointExtension>
            <gpxtpx:hr>175</gpxtpx:hr>
            <gpxtpx:cad>79</gpxtpx:cad>
          </gpxtpx:TrackPointExtension>
        </extensions>
      </trkpt>
      <trkpt lat="51.03377879597247" lon="13.773280754685402">
        <ele>122.5999984741211</ele>
        <time>2025-07-08T05:02:46.000Z</time>
        <extensions>
          <gpxtpx:TrackPointExtension>
            <gpxtpx:hr>175</gpxtpx:hr>
            <gpxtpx:cad>80</gpxtpx:cad>
          </gpxtpx:TrackPointExtension>
        </extensions>
      </trkpt>
      <trkpt lat="51.03389387950301" lon="13.773026866838336">
        <ele>122.4000015258789</ele>
        <time>2025-07-08T05:02:52.000Z</time>
        <extensions>
          <gpxtpx:TrackPointExtension>
            <gpxtpx:hr>174</gpxtpx:hr>
            <gpxtpx:cad>79</gpxtpx:cad>
          </gpxtpx:TrackPointExtension>
        </extensions>
      </trkpt>
      <trkpt lat="51.03401893749833" lon="13.772800639271736">
        <ele>120.80000305175781</ele>
        <time>2025-07-08T05:02:58.000Z</time>
        <extensions>
          <gpxtpx:TrackPointExtension>
            <gpxtpx:hr>173</gpxtpx:hr>
            <gpxtpx:cad>80</gpxtpx:cad>
          </gpxtpx:TrackPointExtension>
        </extensions>
      </trkpt>
      <trkpt lat="51.0341171734035" lon="13.772533340379596">
        <ele>119.5999984741211</ele>
        <time>2025-07-08T05:03:04.000Z</time>
        <extensions>
          <gpxtpx:TrackPointExtension>
            <gpxtpx:hr>174</gpxtpx:hr>
            <gpxtpx:cad>80</gpxtpx:cad>
          </gpxtpx:TrackPointExtension>
        </extensions>
      </trkpt>
      <trkpt lat="51.034223875030875" lon="13.772273752838373">
        <ele>119</ele>
        <time>2025-07-08T05:03:10.000Z</time>
        <extensions>
          <gpxtpx:TrackPointExtension>
            <gpxtpx:hr>174</gpxtpx:hr>
            <gpxtpx:cad>80</gpxtpx:cad>
          </gpxtpx:TrackPointExtension>
        </extensions>
      </trkpt>
      <trkpt lat="51.03432655334473" lon="13.772008465602994">
        <ele>119</ele>
        <time>2025-07-08T05:03:16.000Z</time>
        <extensions>
          <gpxtpx:TrackPointExtension>
            <gpxtpx:hr>174</gpxtpx:hr>
            <gpxtpx:cad>80</gpxtpx:cad>
          </gpxtpx:TrackPointExtension>
        </extensions>
      </trkpt>
      <trkpt lat="51.03438631631434" lon="13.771782908588648">
        <ele>120.19999694824219</ele>
        <time>2025-07-08T05:03:21.000Z</time>
        <extensions>
          <gpxtpx:TrackPointExtension>
            <gpxtpx:hr>172</gpxtpx:hr>
            <gpxtpx:cad>79</gpxtpx:cad>
          </gpxtpx:TrackPointExtension>
        </extensions>
      </trkpt>
      <trkpt lat="51.034486312419176" lon="13.77152843400836">
        <ele>120.5999984741211</ele>
        <time>2025-07-08T05:03:27.000Z</time>
        <extensions>
          <gpxtpx:TrackPointExtension>
            <gpxtpx:hr>173</gpxtpx:hr>
            <gpxtpx:cad>79</gpxtpx:cad>
          </gpxtpx:TrackPointExtension>
        </extensions>
      </trkpt>
      <trkpt lat="51.034565437585115" lon="13.771243449300528">
        <ele>121</ele>
        <time>2025-07-08T05:03:33.000Z</time>
        <extensions>
          <gpxtpx:TrackPointExtension>
            <gpxtpx:hr>171</gpxtpx:hr>
            <gpxtpx:cad>80</gpxtpx:cad>
          </gpxtpx:TrackPointExtension>
        </extensions>
      </trkpt>
      <trkpt lat="51.03467054665089" lon="13.771004732698202">
        <ele>121.19999694824219</ele>
        <time>2025-07-08T05:03:39.000Z</time>
        <extensions>
          <gpxtpx:TrackPointExtension>
            <gpxtpx:hr>173</gpxtpx:hr>
            <gpxtpx:cad>79</gpxtpx:cad>
          </gpxtpx:TrackPointExtension>
        </extensions>
      </trkpt>
      <trkpt lat="51.03476903401315" lon="13.770746737718582">
        <ele>122.4000015258789</ele>
        <time>2025-07-08T05:03:45.000Z</time>
        <extensions>
          <gpxtpx:TrackPointExtension>
            <gpxtpx:hr>173</gpxtpx:hr>
            <gpxtpx:cad>79</gpxtpx:cad>
          </gpxtpx:TrackPointExtension>
        </extensions>
      </trkpt>
      <trkpt lat="51.03487649001181" lon="13.77048371359706">
        <ele>124</ele>
        <time>2025-07-08T05:03:51.000Z</time>
        <extensions>
          <gpxtpx:TrackPointExtension>
            <gpxtpx:hr>173</gpxtpx:hr>
            <gpxtpx:cad>79</gpxtpx:cad>
          </gpxtpx:TrackPointExtension>
        </extensions>
      </trkpt>
      <trkpt lat="51.03496827185154" lon="13.770228903740644">
        <ele>124.80000305175781</ele>
        <time>2025-07-08T05:03:57.000Z</time>
        <extensions>
          <gpxtpx:TrackPointExtension>
            <gpxtpx:hr>174</gpxtpx:hr>
            <gpxtpx:cad>79</gpxtpx:cad>
          </gpxtpx:TrackPointExtension>
        </extensions>
      </trkpt>
      <trkpt lat="51.03507773950696" lon="13.769997479394078">
        <ele>124.80000305175781</ele>
        <time>2025-07-08T05:04:03.000Z</time>
        <extensions>
          <gpxtpx:TrackPointExtension>
            <gpxtpx:hr>173</gpxtpx:hr>
            <gpxtpx:cad>79</gpxtpx:cad>
          </gpxtpx:TrackPointExtension>
        </extensions>
      </trkpt>
      <trkpt lat="51.03519097901881" lon="13.769734287634492">
        <ele>124.80000305175781</ele>
        <time>2025-07-08T05:04:09.000Z</time>
        <extensions>
          <gpxtpx:TrackPointExtension>
            <gpxtpx:hr>174</gpxtpx:hr>
            <gpxtpx:cad>78</gpxtpx:cad>
          </gpxtpx:TrackPointExtension>
        </extensions>
      </trkpt>
      <trkpt lat="51.035295417532325" lon="13.769455924630165">
        <ele>124.4000015258789</ele>
        <time>2025-07-08T05:04:15.000Z</time>
        <extensions>
          <gpxtpx:TrackPointExtension>
            <gpxtpx:hr>175</gpxtpx:hr>
            <gpxtpx:cad>79</gpxtpx:cad>
          </gpxtpx:TrackPointExtension>
        </extensions>
      </trkpt>
      <trkpt lat="51.035403460264206" lon="13.769188541918993">
        <ele>122.80000305175781</ele>
        <time>2025-07-08T05:04:21.000Z</time>
        <extensions>
          <gpxtpx:TrackPointExtension>
            <gpxtpx:hr>176</gpxtpx:hr>
            <gpxtpx:cad>79</gpxtpx:cad>
          </gpxtpx:TrackPointExtension>
        </extensions>
      </trkpt>
      <trkpt lat="51.035507982596755" lon="13.768929960206151">
        <ele>120</ele>
        <time>2025-07-08T05:04:27.000Z</time>
        <extensions>
          <gpxtpx:TrackPointExtension>
            <gpxtpx:hr>176</gpxtpx:hr>
            <gpxtpx:cad>80</gpxtpx:cad>
          </gpxtpx:TrackPointExtension>
        </extensions>
      </trkpt>
      <trkpt lat="51.03561082854867" lon="13.768647825345397">
        <ele>117.19999694824219</ele>
        <time>2025-07-08T05:04:33.000Z</time>
        <extensions>
          <gpxtpx:TrackPointExtension>
            <gpxtpx:hr>176</gpxtpx:hr>
            <gpxtpx:cad>79</gpxtpx:cad>
          </gpxtpx:TrackPointExtension>
        </extensions>
      </trkpt>
      <trkpt lat="51.03570906445384" lon="13.768368875607848">
        <ele>115.80000305175781</ele>
        <time>2025-07-08T05:04:39.000Z</time>
        <extensions>
          <gpxtpx:TrackPointExtension>
            <gpxtpx:hr>176</gpxtpx:hr>
            <gpxtpx:cad>80</gpxtpx:cad>
          </gpxtpx:TrackPointExtension>
        </extensions>
      </trkpt>
      <trkpt lat="51.035743933171034" lon="13.768279440701008">
        <ele>115.19999694824219</ele>
        <time>2025-07-08T05:04:41.000Z</time>
        <extensions>
          <gpxtpx:TrackPointExtension>
            <gpxtpx:hr>179</gpxtpx:hr>
            <gpxtpx:cad>80</gpxtpx:cad>
          </gpxtpx:TrackPointExtension>
        </extensions>
      </trkpt>
      <trkpt lat="51.03583948686719" lon="13.768064109608531">
        <ele>115.4000015258789</ele>
        <time>2025-07-08T05:04:46.000Z</time>
        <extensions>
          <gpxtpx:TrackPointExtension>
            <gpxtpx:hr>176</gpxtpx:hr>
            <gpxtpx:cad>79</gpxtpx:cad>
          </gpxtpx:TrackPointExtension>
        </extensions>
      </trkpt>
      <trkpt lat="51.035941410809755" lon="13.767802342772484">
        <ele>116.5999984741211</ele>
        <time>2025-07-08T05:04:52.000Z</time>
        <extensions>
          <gpxtpx:TrackPointExtension>
            <gpxtpx:hr>173</gpxtpx:hr>
            <gpxtpx:cad>80</gpxtpx:cad>
          </gpxtpx:TrackPointExtension>
        </extensions>
      </trkpt>
      <trkpt lat="51.035985918715596" lon="13.767665214836597">
        <ele>116.4000015258789</ele>
        <time>2025-07-08T05:04:55.000Z</time>
        <extensions>
          <gpxtpx:TrackPointExtension>
            <gpxtpx:hr>176</gpxtpx:hr>
            <gpxtpx:cad>79</gpxtpx:cad>
          </gpxtpx:TrackPointExtension>
        </extensions>
      </trkpt>
      <trkpt lat="51.03608977049589" lon="13.76739514991641">
        <ele>117</ele>
        <time>2025-07-08T05:05:01.000Z</time>
        <extensions>
          <gpxtpx:TrackPointExtension>
            <gpxtpx:hr>177</gpxtpx:hr>
            <gpxtpx:cad>80</gpxtpx:cad>
          </gpxtpx:TrackPointExtension>
        </extensions>
      </trkpt>
      <trkpt lat="51.036192532628775" lon="13.767144028097391">
        <ele>115.5999984741211</ele>
        <time>2025-07-08T05:05:07.000Z</time>
        <extensions>
          <gpxtpx:TrackPointExtension>
            <gpxtpx:hr>177</gpxtpx:hr>
            <gpxtpx:cad>79</gpxtpx:cad>
          </gpxtpx:TrackPointExtension>
        </extensions>
      </trkpt>
      <trkpt lat="51.036289259791374" lon="13.766882009804249">
        <ele>114.5999984741211</ele>
        <time>2025-07-08T05:05:13.000Z</time>
        <extensions>
          <gpxtpx:TrackPointExtension>
            <gpxtpx:hr>177</gpxtpx:hr>
            <gpxtpx:cad>79</gpxtpx:cad>
          </gpxtpx:TrackPointExtension>
        </extensions>
      </trkpt>
      <trkpt lat="51.03637710213661" lon="13.766609095036983">
        <ele>113.5999984741211</ele>
        <time>2025-07-08T05:05:19.000Z</time>
        <extensions>
          <gpxtpx:TrackPointExtension>
            <gpxtpx:hr>178</gpxtpx:hr>
            <gpxtpx:cad>79</gpxtpx:cad>
          </gpxtpx:TrackPointExtension>
        </extensions>
      </trkpt>
      <trkpt lat="51.03649193421006" lon="13.766357637941837">
        <ele>113.80000305175781</ele>
        <time>2025-07-08T05:05:25.000Z</time>
        <extensions>
          <gpxtpx:TrackPointExtension>
            <gpxtpx:hr>177</gpxtpx:hr>
            <gpxtpx:cad>79</gpxtpx:cad>
          </gpxtpx:TrackPointExtension>
        </extensions>
      </trkpt>
      <trkpt lat="51.03665638715029" lon="13.766172984614968">
        <ele>114.80000305175781</ele>
        <time>2025-07-08T05:05:31.000Z</time>
        <extensions>
          <gpxtpx:TrackPointExtension>
            <gpxtpx:hr>178</gpxtpx:hr>
            <gpxtpx:cad>80</gpxtpx:cad>
          </gpxtpx:TrackPointExtension>
        </extensions>
      </trkpt>
      <trkpt lat="51.03682461194694" lon="13.766035689041018">
        <ele>117.19999694824219</ele>
        <time>2025-07-08T05:05:37.000Z</time>
        <extensions>
          <gpxtpx:TrackPointExtension>
            <gpxtpx:hr>178</gpxtpx:hr>
            <gpxtpx:cad>79</gpxtpx:cad>
          </gpxtpx:TrackPointExtension>
        </extensions>
      </trkpt>
      <trkpt lat="51.03698814287782" lon="13.765898309648037">
        <ele>119.19999694824219</ele>
        <time>2025-07-08T05:05:43.000Z</time>
        <extensions>
          <gpxtpx:TrackPointExtension>
            <gpxtpx:hr>177</gpxtpx:hr>
            <gpxtpx:cad>79</gpxtpx:cad>
          </gpxtpx:TrackPointExtension>
        </extensions>
      </trkpt>
      <trkpt lat="51.03708780370653" lon="13.765779873356223">
        <ele>120.4000015258789</ele>
        <time>2025-07-08T05:05:47.000Z</time>
        <extensions>
          <gpxtpx:TrackPointExtension>
            <gpxtpx:hr>174</gpxtpx:hr>
            <gpxtpx:cad>80</gpxtpx:cad>
          </gpxtpx:TrackPointExtension>
        </extensions>
      </trkpt>
      <trkpt lat="51.03721294552088" lon="13.765514334663749">
        <ele>120.19999694824219</ele>
        <time>2025-07-08T05:05:54.000Z</time>
        <extensions>
          <gpxtpx:TrackPointExtension>
            <gpxtpx:hr>173</gpxtpx:hr>
            <gpxtpx:cad>79</gpxtpx:cad>
          </gpxtpx:TrackPointExtension>
        </extensions>
      </trkpt>
      <trkpt lat="51.03727011010051" lon="13.765392964705825">
        <ele>120</ele>
        <time>2025-07-08T05:05:57.000Z</time>
        <extensions>
          <gpxtpx:TrackPointExtension>
            <gpxtpx:hr>176</gpxtpx:hr>
            <gpxtpx:cad>79</gpxtpx:cad>
          </gpxtpx:TrackPointExtension>
        </extensions>
      </trkpt>
      <trkpt lat="51.03738544508815" lon="13.765145698562264">
        <ele>119.19999694824219</ele>
        <time>2025-07-08T05:06:03.000Z</time>
        <extensions>
          <gpxtpx:TrackPointExtension>
            <gpxtpx:hr>178</gpxtpx:hr>
            <gpxtpx:cad>78</gpxtpx:cad>
          </gpxtpx:TrackPointExtension>
        </extensions>
      </trkpt>
      <trkpt lat="51.037501031532884" lon="13.764888625591993">
        <ele>118.4000015258789</ele>
        <time>2025-07-08T05:06:09.000Z</time>
        <extensions>
          <gpxtpx:TrackPointExtension>
            <gpxtpx:hr>178</gpxtpx:hr>
            <gpxtpx:cad>80</gpxtpx:cad>
          </gpxtpx:TrackPointExtension>
        </extensions>
      </trkpt>
      <trkpt lat="51.03761133737862" lon="13.764630798250437">
        <ele>117.4000015258789</ele>
        <time>2025-07-08T05:06:15.000Z</time>
        <extensions>
          <gpxtpx:TrackPointExtension>
            <gpxtpx:hr>178</gpxtpx:hr>
            <gpxtpx:cad>79</gpxtpx:cad>
          </gpxtpx:TrackPointExtension>
        </extensions>
      </trkpt>
      <trkpt lat="51.037736143916845" lon="13.764390153810382">
        <ele>116.19999694824219</ele>
        <time>2025-07-08T05:06:21.000Z</time>
        <extensions>
          <gpxtpx:TrackPointExtension>
            <gpxtpx:hr>176</gpxtpx:hr>
            <gpxtpx:cad>79</gpxtpx:cad>
          </gpxtpx:TrackPointExtension>
        </extensions>
      </trkpt>
      <trkpt lat="51.03783463127911" lon="13.764139451086521">
        <ele>115.5999984741211</ele>
        <time>2025-07-08T05:06:27.000Z</time>
        <extensions>
          <gpxtpx:TrackPointExtension>
            <gpxtpx:hr>177</gpxtpx:hr>
            <gpxtpx:cad>79</gpxtpx:cad>
          </gpxtpx:TrackPointExtension>
        </extensions>
      </trkpt>
      <trkpt lat="51.03797050192952" lon="13.763916073367">
        <ele>115.19999694824219</ele>
        <time>2025-07-08T05:06:33.000Z</time>
        <extensions>
          <gpxtpx:TrackPointExtension>
            <gpxtpx:hr>176</gpxtpx:hr>
            <gpxtpx:cad>78</gpxtpx:cad>
          </gpxtpx:TrackPointExtension>
        </extensions>
      </trkpt>
      <trkpt lat="51.038108468055725" lon="13.763689761981368">
        <ele>115.4000015258789</ele>
        <time>2025-07-08T05:06:39.000Z</time>
        <extensions>
          <gpxtpx:TrackPointExtension>
            <gpxtpx:hr>174</gpxtpx:hr>
            <gpxtpx:cad>79</gpxtpx:cad>
          </gpxtpx:TrackPointExtension>
        </extensions>
      </trkpt>
      <trkpt lat="51.03821097873151" lon="13.763437550514936">
        <ele>115</ele>
        <time>2025-07-08T05:06:45.000Z</time>
        <extensions>
          <gpxtpx:TrackPointExtension>
            <gpxtpx:hr>172</gpxtpx:hr>
            <gpxtpx:cad>79</gpxtpx:cad>
          </gpxtpx:TrackPointExtension>
        </extensions>
      </trkpt>
      <trkpt lat="51.03831047192216" lon="13.76333998516202">
        <ele>115.80000305175781</ele>
        <time>2025-07-08T05:06:49.000Z</time>
        <extensions>
          <gpxtpx:TrackPointExtension>
            <gpxtpx:hr>175</gpxtpx:hr>
            <gpxtpx:cad>78</gpxtpx:cad>
          </gpxtpx:TrackPointExtension>
        </extensions>
      </trkpt>
      <trkpt lat="51.03842245414853" lon="13.76342497766018">
        <ele>116.4000015258789</ele>
        <time>2025-07-08T05:06:53.000Z</time>
        <extensions>
          <gpxtpx:TrackPointExtension>
            <gpxtpx:hr>178</gpxtpx:hr>
            <gpxtpx:cad>80</gpxtpx:cad>
          </gpxtpx:TrackPointExtension>
        </extensions>
      </trkpt>
      <trkpt lat="51.03858816437423" lon="13.763608038425446">
        <ele>116.5999984741211</ele>
        <time>2025-07-08T05:06:59.000Z</time>
        <extensions>
          <gpxtpx:TrackPointExtension>
            <gpxtpx:hr>178</gpxtpx:hr>
            <gpxtpx:cad>79</gpxtpx:cad>
          </gpxtpx:TrackPointExtension>
        </extensions>
      </trkpt>
      <trkpt lat="51.038757394999266" lon="13.76379394903779">
        <ele>117</ele>
        <time>2025-07-08T05:07:05.000Z</time>
        <extensions>
          <gpxtpx:TrackPointExtension>
            <gpxtpx:hr>178</gpxtpx:hr>
            <gpxtpx:cad>80</gpxtpx:cad>
          </gpxtpx:TrackPointExtension>
        </extensions>
      </trkpt>
      <trkpt lat="51.03893257677555" lon="13.763973321765661">
        <ele>116.4000015258789</ele>
        <time>2025-07-08T05:07:11.000Z</time>
        <extensions>
          <gpxtpx:TrackPointExtension>
            <gpxtpx:hr>178</gpxtpx:hr>
            <gpxtpx:cad>80</gpxtpx:cad>
          </gpxtpx:TrackPointExtension>
        </extensions>
      </trkpt>
      <trkpt lat="51.039103316143155" lon="13.76414137892425">
        <ele>116.4000015258789</ele>
        <time>2025-07-08T05:07:17.000Z</time>
        <extensions>
          <gpxtpx:TrackPointExtension>
            <gpxtpx:hr>179</gpxtpx:hr>
            <gpxtpx:cad>79</gpxtpx:cad>
          </gpxtpx:TrackPointExtension>
        </extensions>
      </trkpt>
      <trkpt lat="51.03928377851844" lon="13.7643080111593">
        <ele>116.5999984741211</ele>
        <time>2025-07-08T05:07:23.000Z</time>
        <extensions>
          <gpxtpx:TrackPointExtension>
            <gpxtpx:hr>180</gpxtpx:hr>
            <gpxtpx:cad>80</gpxtpx:cad>
          </gpxtpx:TrackPointExtension>
        </extensions>
      </trkpt>
      <trkpt lat="51.03944395668805" lon="13.764465004205704">
        <ele>117.19999694824219</ele>
        <time>2025-07-08T05:07:29.000Z</time>
        <extensions>
          <gpxtpx:TrackPointExtension>
            <gpxtpx:hr>179</gpxtpx:hr>
            <gpxtpx:cad>79</gpxtpx:cad>
          </gpxtpx:TrackPointExtension>
        </extensions>
      </trkpt>
      <trkpt lat="51.039609583094716" lon="13.764635073021054">
        <ele>117.80000305175781</ele>
        <time>2025-07-08T05:07:35.000Z</time>
        <extensions>
          <gpxtpx:TrackPointExtension>
            <gpxtpx:hr>179</gpxtpx:hr>
            <gpxtpx:cad>79</gpxtpx:cad>
          </gpxtpx:TrackPointExtension>
        </extensions>
      </trkpt>
      <trkpt lat="51.039765821769834" lon="13.764789551496506">
        <ele>119</ele>
        <time>2025-07-08T05:07:41.000Z</time>
        <extensions>
          <gpxtpx:TrackPointExtension>
            <gpxtpx:hr>178</gpxtpx:hr>
            <gpxtpx:cad>79</gpxtpx:cad>
          </gpxtpx:TrackPointExtension>
        </extensions>
      </trkpt>
      <trkpt lat="51.03992281481624" lon="13.764954172074795">
        <ele>119.5999984741211</ele>
        <time>2025-07-08T05:07:47.000Z</time>
        <extensions>
          <gpxtpx:TrackPointExtension>
            <gpxtpx:hr>178</gpxtpx:hr>
            <gpxtpx:cad>79</gpxtpx:cad>
          </gpxtpx:TrackPointExtension>
        </extensions>
      </trkpt>
      <trkpt lat="51.04007972404361" lon="13.765115523710847">
        <ele>120</ele>
        <time>2025-07-08T05:07:53.000Z</time>
        <extensions>
          <gpxtpx:TrackPointExtension>
            <gpxtpx:hr>176</gpxtpx:hr>
            <gpxtpx:cad>79</gpxtpx:cad>
          </gpxtpx:TrackPointExtension>
        </extensions>
      </trkpt>
      <trkpt lat="51.04025071486831" lon="13.765271678566933">
        <ele>120.80000305175781</ele>
        <time>2025-07-08T05:07:59.000Z</time>
        <extensions>
          <gpxtpx:TrackPointExtension>
            <gpxtpx:hr>176</gpxtpx:hr>
            <gpxtpx:cad>80</gpxtpx:cad>
          </gpxtpx:TrackPointExtension>
        </extensions>
      </trkpt>
      <trkpt lat="51.04043612256646" lon="13.765430431813002">
        <ele>121.80000305175781</ele>
        <time>2025-07-08T05:08:05.000Z</time>
        <extensions>
          <gpxtpx:TrackPointExtension>
            <gpxtpx:hr>178</gpxtpx:hr>
            <gpxtpx:cad>80</gpxtpx:cad>
          </gpxtpx:TrackPointExtension>
        </extensions>
      </trkpt>
      <trkpt lat="51.04061281308532" lon="13.765606032684445">
        <ele>121</ele>
        <time>2025-07-08T05:08:11.000Z</time>
        <extensions>
          <gpxtpx:TrackPointExtension>
            <gpxtpx:hr>177</gpxtpx:hr>
            <gpxtpx:cad>79</gpxtpx:cad>
          </gpxtpx:TrackPointExtension>
        </extensions>
      </trkpt>
      <trkpt lat="51.0407760925591" lon="13.765779118984938">
        <ele>120.80000305175781</ele>
        <time>2025-07-08T05:08:17.000Z</time>
        <extensions>
          <gpxtpx:TrackPointExtension>
            <gpxtpx:hr>177</gpxtpx:hr>
            <gpxtpx:cad>79</gpxtpx:cad>
          </gpxtpx:TrackPointExtension>
        </extensions>
      </trkpt>
      <trkpt lat="51.040940545499325" lon="13.765954049304128">
        <ele>120.19999694824219</ele>
        <time>2025-07-08T05:08:23.000Z</time>
        <extensions>
          <gpxtpx:TrackPointExtension>
            <gpxtpx:hr>178</gpxtpx:hr>
            <gpxtpx:cad>79</gpxtpx:cad>
          </gpxtpx:TrackPointExtension>
        </extensions>
      </trkpt>
      <trkpt lat="51.041113045066595" lon="13.766118753701448">
        <ele>119</ele>
        <time>2025-07-08T05:08:29.000Z</time>
        <extensions>
          <gpxtpx:TrackPointExtension>
            <gpxtpx:hr>178</gpxtpx:hr>
            <gpxtpx:cad>79</gpxtpx:cad>
          </gpxtpx:TrackPointExtension>
        </extensions>
      </trkpt>
      <trkpt lat="51.041285460814834" lon="13.76627909950912">
        <ele>117.5999984741211</ele>
        <time>2025-07-08T05:08:35.000Z</time>
        <extensions>
          <gpxtpx:TrackPointExtension>
            <gpxtpx:hr>177</gpxtpx:hr>
            <gpxtpx:cad>79</gpxtpx:cad>
          </gpxtpx:TrackPointExtension>
        </extensions>
      </trkpt>
      <trkpt lat="51.04146055877209" lon="13.766454616561532">
        <ele>116.4000015258789</ele>
        <time>2025-07-08T05:08:42.000Z</time>
        <extensions>
          <gpxtpx:TrackPointExtension>
            <gpxtpx:hr>177</gpxtpx:hr>
            <gpxtpx:cad>79</gpxtpx:cad>
          </gpxtpx:TrackPointExtension>
        </extensions>
      </trkpt>
      <trkpt lat="51.041500959545374" lon="13.766455370932817">
        <ele>116.19999694824219</ele>
        <time>2025-07-08T05:08:44.000Z</time>
        <extensions>
          <gpxtpx:TrackPointExtension>
            <gpxtpx:hr>177</gpxtpx:hr>
            <gpxtpx:cad>79</gpxtpx:cad>
          </gpxtpx:TrackPointExtension>
        </extensions>
      </trkpt>
      <trkpt lat="51.04132770560682" lon="13.766292594373226">
        <ele>117.4000015258789</ele>
        <time>2025-07-08T05:08:50.000Z</time>
        <extensions>
          <gpxtpx:TrackPointExtension>
            <gpxtpx:hr>177</gpxtpx:hr>
            <gpxtpx:cad>82</gpxtpx:cad>
          </gpxtpx:TrackPointExtension>
        </extensions>
      </trkpt>
      <trkpt lat="51.04114305227995" lon="13.766138115897775">
        <ele>118.80000305175781</ele>
        <time>2025-07-08T05:08:56.000Z</time>
        <extensions>
          <gpxtpx:TrackPointExtension>
            <gpxtpx:hr>177</gpxtpx:hr>
            <gpxtpx:cad>79</gpxtpx:cad>
          </gpxtpx:TrackPointExtension>
        </extensions>
      </trkpt>
      <trkpt lat="51.04096753522754" lon="13.76597123220563">
        <ele>120</ele>
        <time>2025-07-08T05:09:02.000Z</time>
        <extensions>
          <gpxtpx:TrackPointExtension>
            <gpxtpx:hr>178</gpxtpx:hr>
            <gpxtpx:cad>80</gpxtpx:cad>
          </gpxtpx:TrackPointExtension>
        </extensions>
      </trkpt>
      <trkpt lat="51.04079210199416" lon="13.765809461474419">
        <ele>120.5999984741211</ele>
        <time>2025-07-08T05:09:08.000Z</time>
        <extensions>
          <gpxtpx:TrackPointExtension>
            <gpxtpx:hr>179</gpxtpx:hr>
            <gpxtpx:cad>79</gpxtpx:cad>
          </gpxtpx:TrackPointExtension>
        </extensions>
      </trkpt>
      <trkpt lat="51.040630331262946" lon="13.765625394880772">
        <ele>121</ele>
        <time>2025-07-08T05:09:14.000Z</time>
        <extensions>
          <gpxtpx:TrackPointExtension>
            <gpxtpx:hr>178</gpxtpx:hr>
            <gpxtpx:cad>79</gpxtpx:cad>
          </gpxtpx:TrackPointExtension>
        </extensions>
      </trkpt>
      <trkpt lat="51.04047023691237" lon="13.765457002446055">
        <ele>121.5999984741211</ele>
        <time>2025-07-08T05:09:20.000Z</time>
        <extensions>
          <gpxtpx:TrackPointExtension>
            <gpxtpx:hr>179</gpxtpx:hr>
            <gpxtpx:cad>80</gpxtpx:cad>
          </gpxtpx:TrackPointExtension>
        </extensions>
      </trkpt>
      <trkpt lat="51.040305281057954" lon="13.765309732407331">
        <ele>121.19999694824219</ele>
        <time>2025-07-08T05:09:26.000Z</time>
        <extensions>
          <gpxtpx:TrackPointExtension>
            <gpxtpx:hr>177</gpxtpx:hr>
            <gpxtpx:cad>80</gpxtpx:cad>
          </gpxtpx:TrackPointExtension>
        </extensions>
      </trkpt>
      <trkpt lat="51.040142085403204" lon="13.765149638056755">
        <ele>120</ele>
        <time>2025-07-08T05:09:32.000Z</time>
        <extensions>
          <gpxtpx:TrackPointExtension>
            <gpxtpx:hr>178</gpxtpx:hr>
            <gpxtpx:cad>79</gpxtpx:cad>
          </gpxtpx:TrackPointExtension>
        </extensions>
      </trkpt>
      <trkpt lat="51.03997201658785" lon="13.764992309734225">
        <ele>119.80000305175781</ele>
        <time>2025-07-08T05:09:38.000Z</time>
        <extensions>
          <gpxtpx:TrackPointExtension>
            <gpxtpx:hr>176</gpxtpx:hr>
            <gpxtpx:cad>79</gpxtpx:cad>
          </gpxtpx:TrackPointExtension>
        </extensions>
      </trkpt>
      <trkpt lat="51.03979750536382" lon="13.764819223433733">
        <ele>119</ele>
        <time>2025-07-08T05:09:44.000Z</time>
        <extensions>
          <gpxtpx:TrackPointExtension>
            <gpxtpx:hr>172</gpxtpx:hr>
            <gpxtpx:cad>79</gpxtpx:cad>
          </gpxtpx:TrackPointExtension>
        </extensions>
      </trkpt>
      <trkpt lat="51.03961888700724" lon="13.764671115204692">
        <ele>118.19999694824219</ele>
        <time>2025-07-08T05:09:50.000Z</time>
        <extensions>
          <gpxtpx:TrackPointExtension>
            <gpxtpx:hr>172</gpxtpx:hr>
            <gpxtpx:cad>79</gpxtpx:cad>
          </gpxtpx:TrackPointExtension>
        </extensions>
      </trkpt>
      <trkpt lat="51.03944798000157" lon="13.76450004056096">
        <ele>117.4000015258789</ele>
        <time>2025-07-08T05:09:56.000Z</time>
        <extensions>
          <gpxtpx:TrackPointExtension>
            <gpxtpx:hr>173</gpxtpx:hr>
            <gpxtpx:cad>79</gpxtpx:cad>
          </gpxtpx:TrackPointExtension>
        </extensions>
      </trkpt>
      <trkpt lat="51.03927757591009" lon="13.764351764693856">
        <ele>117</ele>
        <time>2025-07-08T05:10:02.000Z</time>
        <extensions>
          <gpxtpx:TrackPointExtension>
            <gpxtpx:hr>173</gpxtpx:hr>
            <gpxtpx:cad>79</gpxtpx:cad>
          </gpxtpx:TrackPointExtension>
        </extensions>
      </trkpt>
      <trkpt lat="51.039103819057345" lon="13.764189407229424">
        <ele>116.5999984741211</ele>
        <time>2025-07-08T05:10:08.000Z</time>
        <extensions>
          <gpxtpx:TrackPointExtension>
            <gpxtpx:hr>174</gpxtpx:hr>
            <gpxtpx:cad>79</gpxtpx:cad>
          </gpxtpx:TrackPointExtension>
        </extensions>
      </trkpt>
      <trkpt lat="51.03893458843231" lon="13.764023780822754">
        <ele>116.5999984741211</ele>
        <time>2025-07-08T05:10:14.000Z</time>
        <extensions>
          <gpxtpx:TrackPointExtension>
            <gpxtpx:hr>176</gpxtpx:hr>
            <gpxtpx:cad>80</gpxtpx:cad>
          </gpxtpx:TrackPointExtension>
        </extensions>
      </trkpt>
      <trkpt lat="51.03876695036888" lon="13.763855220749974">
        <ele>117</ele>
        <time>2025-07-08T05:10:20.000Z</time>
        <extensions>
          <gpxtpx:TrackPointExtension>
            <gpxtpx:hr>178</gpxtpx:hr>
            <gpxtpx:cad>78</gpxtpx:cad>
          </gpxtpx:TrackPointExtension>
        </extensions>
      </trkpt>
      <trkpt lat="51.03861046023667" lon="13.763667717576027">
        <ele>116.5999984741211</ele>
        <time>2025-07-08T05:10:26.000Z</time>
        <extensions>
          <gpxtpx:TrackPointExtension>
            <gpxtpx:hr>177</gpxtpx:hr>
            <gpxtpx:cad>80</gpxtpx:cad>
          </gpxtpx:TrackPointExtension>
        </extensions>
      </trkpt>
      <trkpt lat="51.03844684548676" lon="13.76350225880742">
        <ele>116.4000015258789</ele>
        <time>2025-07-08T05:10:32.000Z</time>
        <extensions>
          <gpxtpx:TrackPointExtension>
            <gpxtpx:hr>179</gpxtpx:hr>
            <gpxtpx:cad>79</gpxtpx:cad>
          </gpxtpx:TrackPointExtension>
        </extensions>
      </trkpt>
      <trkpt lat="51.03828800842166" lon="13.763330094516277">
        <ele>115.5999984741211</ele>
        <time>2025-07-08T05:10:38.000Z</time>
        <extensions>
          <gpxtpx:TrackPointExtension>
            <gpxtpx:hr>177</gpxtpx:hr>
            <gpxtpx:cad>79</gpxtpx:cad>
          </gpxtpx:TrackPointExtension>
        </extensions>
      </trkpt>
      <trkpt lat="51.03826663456857" lon="13.76316849142313">
        <ele>115.19999694824219</ele>
        <time>2025-07-08T05:10:41.000Z</time>
        <extensions>
          <gpxtpx:TrackPointExtension>
            <gpxtpx:hr>178</gpxtpx:hr>
            <gpxtpx:cad>80</gpxtpx:cad>
          </gpxtpx:TrackPointExtension>
        </extensions>
      </trkpt>
      <trkpt lat="51.03834609501064" lon="13.762905718758702">
        <ele>114.5999984741211</ele>
        <time>2025-07-08T05:10:46.000Z</time>
        <extensions>
          <gpxtpx:TrackPointExtension>
            <gpxtpx:hr>179</gpxtpx:hr>
            <gpxtpx:cad>79</gpxtpx:cad>
          </gpxtpx:TrackPointExtension>
        </extensions>
      </trkpt>
      <trkpt lat="51.03846830315888" lon="13.762630708515644">
        <ele>114</ele>
        <time>2025-07-08T05:10:52.000Z</time>
        <extensions>
          <gpxtpx:TrackPointExtension>
            <gpxtpx:hr>178</gpxtpx:hr>
            <gpxtpx:cad>80</gpxtpx:cad>
          </gpxtpx:TrackPointExtension>
        </extensions>
      </trkpt>
      <trkpt lat="51.03858757764101" lon="13.762356452643871">
        <ele>113.4000015258789</ele>
        <time>2025-07-08T05:10:58.000Z</time>
        <extensions>
          <gpxtpx:TrackPointExtension>
            <gpxtpx:hr>181</gpxtpx:hr>
            <gpxtpx:cad>80</gpxtpx:cad>
          </gpxtpx:TrackPointExtension>
        </extensions>
      </trkpt>
      <trkpt lat="51.03872084990144" lon="13.7621149700135">
        <ele>113.4000015258789</ele>
        <time>2025-07-08T05:11:04.000Z</time>
        <extensions>
          <gpxtpx:TrackPointExtension>
            <gpxtpx:hr>181</gpxtpx:hr>
            <gpxtpx:cad>80</gpxtpx:cad>
          </gpxtpx:TrackPointExtension>
        </extensions>
      </trkpt>
      <trkpt lat="51.03883635252714" lon="13.761848844587803">
        <ele>113.80000305175781</ele>
        <time>2025-07-08T05:11:10.000Z</time>
        <extensions>
          <gpxtpx:TrackPointExtension>
            <gpxtpx:hr>179</gpxtpx:hr>
            <gpxtpx:cad>80</gpxtpx:cad>
          </gpxtpx:TrackPointExtension>
        </extensions>
      </trkpt>
      <trkpt lat="51.03894707746804" lon="13.761600321158767">
        <ele>114.5999984741211</ele>
        <time>2025-07-08T05:11:16.000Z</time>
        <extensions>
          <gpxtpx:TrackPointExtension>
            <gpxtpx:hr>179</gpxtpx:hr>
            <gpxtpx:cad>79</gpxtpx:cad>
          </gpxtpx:TrackPointExtension>
        </extensions>
      </trkpt>
      <trkpt lat="51.03905604220927" lon="13.761328747496009">
        <ele>115</ele>
        <time>2025-07-08T05:11:22.000Z</time>
        <extensions>
          <gpxtpx:TrackPointExtension>
            <gpxtpx:hr>179</gpxtpx:hr>
            <gpxtpx:cad>79</gpxtpx:cad>
          </gpxtpx:TrackPointExtension>
        </extensions>
      </trkpt>
      <trkpt lat="51.03912075050175" lon="13.76114652492106">
        <ele>115.19999694824219</ele>
        <time>2025-07-08T05:11:26.000Z</time>
        <extensions>
          <gpxtpx:TrackPointExtension>
            <gpxtpx:hr>182</gpxtpx:hr>
            <gpxtpx:cad>80</gpxtpx:cad>
          </gpxtpx:TrackPointExtension>
        </extensions>
      </trkpt>
      <trkpt lat="51.03919501416385" lon="13.760845782235265">
        <ele>115.19999694824219</ele>
        <time>2025-07-08T05:11:32.000Z</time>
        <extensions>
          <gpxtpx:TrackPointExtension>
            <gpxtpx:hr>182</gpxtpx:hr>
            <gpxtpx:cad>79</gpxtpx:cad>
          </gpxtpx:TrackPointExtension>
        </extensions>
      </trkpt>
      <trkpt lat="51.039212280884385" lon="13.760551996529102">
        <ele>116</ele>
        <time>2025-07-08T05:11:38.000Z</time>
        <extensions>
          <gpxtpx:TrackPointExtension>
            <gpxtpx:hr>180</gpxtpx:hr>
            <gpxtpx:cad>80</gpxtpx:cad>
          </gpxtpx:TrackPointExtension>
        </extensions>
      </trkpt>
      <trkpt lat="51.039154194295406" lon="13.76026215031743">
        <ele>117.19999694824219</ele>
        <time>2025-07-08T05:11:44.000Z</time>
        <extensions>
          <gpxtpx:TrackPointExtension>
            <gpxtpx:hr>179</gpxtpx:hr>
            <gpxtpx:cad>79</gpxtpx:cad>
          </gpxtpx:TrackPointExtension>
        </extensions>
      </trkpt>
      <trkpt lat="51.039099879562855" lon="13.759951684623957">
        <ele>118.4000015258789</ele>
        <time>2025-07-08T05:11:50.000Z</time>
        <extensions>
          <gpxtpx:TrackPointExtension>
            <gpxtpx:hr>179</gpxtpx:hr>
            <gpxtpx:cad>80</gpxtpx:cad>
          </gpxtpx:TrackPointExtension>
        </extensions>
      </trkpt>
      <trkpt lat="51.03911865502596" lon="13.759755715727806">
        <ele>118.5999984741211</ele>
        <time>2025-07-08T05:11:54.000Z</time>
        <extensions>
          <gpxtpx:TrackPointExtension>
            <gpxtpx:hr>182</gpxtpx:hr>
            <gpxtpx:cad>79</gpxtpx:cad>
          </gpxtpx:TrackPointExtension>
        </extensions>
      </trkpt>
      <trkpt lat="51.03920264169574" lon="13.759466791525483">
        <ele>117.80000305175781</ele>
        <time>2025-07-08T05:12:00.000Z</time>
        <extensions>
          <gpxtpx:TrackPointExtension>
            <gpxtpx:hr>181</gpxtpx:hr>
            <gpxtpx:cad>78</gpxtpx:cad>
          </gpxtpx:TrackPointExtension>
        </extensions>
      </trkpt>
      <trkpt lat="51.03931135497987" lon="13.759201085194945">
        <ele>117.80000305175781</ele>
        <time>2025-07-08T05:12:06.000Z</time>
        <extensions>
          <gpxtpx:TrackPointExtension>
            <gpxtpx:hr>180</gpxtpx:hr>
            <gpxtpx:cad>79</gpxtpx:cad>
          </gpxtpx:TrackPointExtension>
        </extensions>
      </trkpt>
      <trkpt lat="51.03943289257586" lon="13.758963122963905">
        <ele>118.19999694824219</ele>
        <time>2025-07-08T05:12:12.000Z</time>
        <extensions>
          <gpxtpx:TrackPointExtension>
            <gpxtpx:hr>180</gpxtpx:hr>
            <gpxtpx:cad>79</gpxtpx:cad>
          </gpxtpx:TrackPointExtension>
        </extensions>
      </trkpt>
      <trkpt lat="51.03950279764831" lon="13.75879229977727">
        <ele>119.4000015258789</ele>
        <time>2025-07-08T05:12:16.000Z</time>
        <extensions>
          <gpxtpx:TrackPointExtension>
            <gpxtpx:hr>177</gpxtpx:hr>
            <gpxtpx:cad>79</gpxtpx:cad>
          </gpxtpx:TrackPointExtension>
        </extensions>
      </trkpt>
      <trkpt lat="51.03960924781859" lon="13.758544027805328">
        <ele>119.5999984741211</ele>
        <time>2025-07-08T05:12:22.000Z</time>
        <extensions>
          <gpxtpx:TrackPointExtension>
            <gpxtpx:hr>177</gpxtpx:hr>
            <gpxtpx:cad>79</gpxtpx:cad>
          </gpxtpx:TrackPointExtension>
        </extensions>
      </trkpt>
      <trkpt lat="51.039712177589536" lon="13.758340682834387">
        <ele>119.4000015258789</ele>
        <time>2025-07-08T05:12:27.000Z</time>
        <extensions>
          <gpxtpx:TrackPointExtension>
            <gpxtpx:hr>172</gpxtpx:hr>
            <gpxtpx:cad>79</gpxtpx:cad>
          </gpxtpx:TrackPointExtension>
        </extensions>
      </trkpt>
      <trkpt lat="51.03975182399154" lon="13.758255103603005">
        <ele>119.5999984741211</ele>
        <time>2025-07-08T05:12:29.000Z</time>
        <extensions>
          <gpxtpx:TrackPointExtension>
            <gpxtpx:hr>169</gpxtpx:hr>
            <gpxtpx:cad>79</gpxtpx:cad>
          </gpxtpx:TrackPointExtension>
        </extensions>
      </trkpt>
      <trkpt lat="51.03979197330773" lon="13.758172541856766">
        <ele>119.80000305175781</ele>
        <time>2025-07-08T05:12:30.000Z</time>
        <extensions>
          <gpxtpx:TrackPointExtension>
            <gpxtpx:hr>169</gpxtpx:hr>
            <gpxtpx:cad>79</gpxtpx:cad>
          </gpxtpx:TrackPointExtension>
        </extensions>
      </trkpt>
      <trkpt lat="51.03988886810839" lon="13.757955618202686">
        <ele>119.4000015258789</ele>
        <time>2025-07-08T05:12:36.000Z</time>
        <extensions>
          <gpxtpx:TrackPointExtension>
            <gpxtpx:hr>173</gpxtpx:hr>
            <gpxtpx:cad>78</gpxtpx:cad>
          </gpxtpx:TrackPointExtension>
        </extensions>
      </trkpt>
      <trkpt lat="51.039996072649956" lon="13.757701562717557">
        <ele>119</ele>
        <time>2025-07-08T05:12:42.000Z</time>
        <extensions>
          <gpxtpx:TrackPointExtension>
            <gpxtpx:hr>175</gpxtpx:hr>
            <gpxtpx:cad>79</gpxtpx:cad>
          </gpxtpx:TrackPointExtension>
        </extensions>
      </trkpt>
      <trkpt lat="51.04009632021189" lon="13.757435269653797">
        <ele>118.5999984741211</ele>
        <time>2025-07-08T05:12:48.000Z</time>
        <extensions>
          <gpxtpx:TrackPointExtension>
            <gpxtpx:hr>175</gpxtpx:hr>
            <gpxtpx:cad>79</gpxtpx:cad>
          </gpxtpx:TrackPointExtension>
        </extensions>
      </trkpt>
      <trkpt lat="51.040178546682" lon="13.757150201126933">
        <ele>118.19999694824219</ele>
        <time>2025-07-08T05:12:54.000Z</time>
        <extensions>
          <gpxtpx:TrackPointExtension>
            <gpxtpx:hr>176</gpxtpx:hr>
            <gpxtpx:cad>78</gpxtpx:cad>
          </gpxtpx:TrackPointExtension>
        </extensions>
      </trkpt>
      <trkpt lat="51.040285751223564" lon="13.756896313279867">
        <ele>119.80000305175781</ele>
        <time>2025-07-08T05:13:00.000Z</time>
        <extensions>
          <gpxtpx:TrackPointExtension>
            <gpxtpx:hr>175</gpxtpx:hr>
            <gpxtpx:cad>79</gpxtpx:cad>
          </gpxtpx:TrackPointExtension>
        </extensions>
      </trkpt>
      <trkpt lat="51.040399661287665" lon="13.756644185632467">
        <ele>120.80000305175781</ele>
        <time>2025-07-08T05:13:06.000Z</time>
        <extensions>
          <gpxtpx:TrackPointExtension>
            <gpxtpx:hr>176</gpxtpx:hr>
            <gpxtpx:cad>79</gpxtpx:cad>
          </gpxtpx:TrackPointExtension>
        </extensions>
      </trkpt>
      <trkpt lat="51.04051583446562" lon="13.756393902003765">
        <ele>121</ele>
        <time>2025-07-08T05:13:12.000Z</time>
        <extensions>
          <gpxtpx:TrackPointExtension>
            <gpxtpx:hr>177</gpxtpx:hr>
            <gpxtpx:cad>78</gpxtpx:cad>
          </gpxtpx:TrackPointExtension>
        </extensions>
      </trkpt>
      <trkpt lat="51.040632678195834" lon="13.756125178188086">
        <ele>122</ele>
        <time>2025-07-08T05:13:18.000Z</time>
        <extensions>
          <gpxtpx:TrackPointExtension>
            <gpxtpx:hr>176</gpxtpx:hr>
            <gpxtpx:cad>79</gpxtpx:cad>
          </gpxtpx:TrackPointExtension>
        </extensions>
      </trkpt>
      <trkpt lat="51.040741223841906" lon="13.755872212350368">
        <ele>122.80000305175781</ele>
        <time>2025-07-08T05:13:24.000Z</time>
        <extensions>
          <gpxtpx:TrackPointExtension>
            <gpxtpx:hr>175</gpxtpx:hr>
            <gpxtpx:cad>79</gpxtpx:cad>
          </gpxtpx:TrackPointExtension>
        </extensions>
      </trkpt>
      <trkpt lat="51.04086988605559" lon="13.755612289533019">
        <ele>123</ele>
        <time>2025-07-08T05:13:31.000Z</time>
        <extensions>
          <gpxtpx:TrackPointExtension>
            <gpxtpx:hr>173</gpxtpx:hr>
            <gpxtpx:cad>80</gpxtpx:cad>
          </gpxtpx:TrackPointExtension>
        </extensions>
      </trkpt>
      <trkpt lat="51.04098228737712" lon="13.755375668406487">
        <ele>122.19999694824219</ele>
        <time>2025-07-08T05:13:37.000Z</time>
        <extensions>
          <gpxtpx:TrackPointExtension>
            <gpxtpx:hr>175</gpxtpx:hr>
            <gpxtpx:cad>79</gpxtpx:cad>
          </gpxtpx:TrackPointExtension>
        </extensions>
      </trkpt>
      <trkpt lat="51.04109426960349" lon="13.755132677033544">
        <ele>120.5999984741211</ele>
        <time>2025-07-08T05:13:43.000Z</time>
        <extensions>
          <gpxtpx:TrackPointExtension>
            <gpxtpx:hr>175</gpxtpx:hr>
            <gpxtpx:cad>78</gpxtpx:cad>
          </gpxtpx:TrackPointExtension>
        </extensions>
      </trkpt>
      <trkpt lat="51.04120071977377" lon="13.754869066178799">
        <ele>120.19999694824219</ele>
        <time>2025-07-08T05:13:49.000Z</time>
        <extensions>
          <gpxtpx:TrackPointExtension>
            <gpxtpx:hr>178</gpxtpx:hr>
            <gpxtpx:cad>78</gpxtpx:cad>
          </gpxtpx:TrackPointExtension>
        </extensions>
      </trkpt>
      <trkpt lat="51.04127733036876" lon="13.75463118776679">
        <ele>119.4000015258789</ele>
        <time>2025-07-08T05:13:54.000Z</time>
        <extensions>
          <gpxtpx:TrackPointExtension>
            <gpxtpx:hr>174</gpxtpx:hr>
            <gpxtpx:cad>79</gpxtpx:cad>
          </gpxtpx:TrackPointExtension>
        </extensions>
      </trkpt>
      <trkpt lat="51.041312953457236" lon="13.754543093964458">
        <ele>118.80000305175781</ele>
        <time>2025-07-08T05:13:56.000Z</time>
        <extensions>
          <gpxtpx:TrackPointExtension>
            <gpxtpx:hr>154</gpxtpx:hr>
            <gpxtpx:cad>79</gpxtpx:cad>
          </gpxtpx:TrackPointExtension>
        </extensions>
      </trkpt>
      <trkpt lat="51.04134388267994" lon="13.754449384287">
        <ele>118.19999694824219</ele>
        <time>2025-07-08T05:13:58.000Z</time>
        <extensions>
          <gpxtpx:TrackPointExtension>
            <gpxtpx:hr>151</gpxtpx:hr>
            <gpxtpx:cad>79</gpxtpx:cad>
          </gpxtpx:TrackPointExtension>
        </extensions>
      </trkpt>
      <trkpt lat="51.041433066129684" lon="13.754162974655628">
        <ele>117.4000015258789</ele>
        <time>2025-07-08T05:14:04.000Z</time>
        <extensions>
          <gpxtpx:TrackPointExtension>
            <gpxtpx:hr>150</gpxtpx:hr>
            <gpxtpx:cad>78</gpxtpx:cad>
          </gpxtpx:TrackPointExtension>
        </extensions>
      </trkpt>
      <trkpt lat="51.04148218408227" lon="13.754029618576169">
        <ele>117.80000305175781</ele>
        <time>2025-07-08T05:14:07.000Z</time>
        <extensions>
          <gpxtpx:TrackPointExtension>
            <gpxtpx:hr>153</gpxtpx:hr>
            <gpxtpx:cad>78</gpxtpx:cad>
          </gpxtpx:TrackPointExtension>
        </extensions>
      </trkpt>
      <trkpt lat="51.041564578190446" lon="13.75380590558052">
        <ele>118.4000015258789</ele>
        <time>2025-07-08T05:14:12.000Z</time>
        <extensions>
          <gpxtpx:TrackPointExtension>
            <gpxtpx:hr>156</gpxtpx:hr>
            <gpxtpx:cad>79</gpxtpx:cad>
          </gpxtpx:TrackPointExtension>
        </extensions>
      </trkpt>
      <trkpt lat="51.041616797447205" lon="13.753682440146804">
        <ele>119</ele>
        <time>2025-07-08T05:14:15.000Z</time>
        <extensions>
          <gpxtpx:TrackPointExtension>
            <gpxtpx:hr>159</gpxtpx:hr>
            <gpxtpx:cad>79</gpxtpx:cad>
          </gpxtpx:TrackPointExtension>
        </extensions>
      </trkpt>
      <trkpt lat="51.04166004806757" lon="13.75354740768671">
        <ele>119</ele>
        <time>2025-07-08T05:14:18.000Z</time>
        <extensions>
          <gpxtpx:TrackPointExtension>
            <gpxtpx:hr>162</gpxtpx:hr>
            <gpxtpx:cad>79</gpxtpx:cad>
          </gpxtpx:TrackPointExtension>
        </extensions>
      </trkpt>
      <trkpt lat="51.04175568558276" lon="13.753279522061348">
        <ele>119.80000305175781</ele>
        <time>2025-07-08T05:14:24.000Z</time>
        <extensions>
          <gpxtpx:TrackPointExtension>
            <gpxtpx:hr>165</gpxtpx:hr>
            <gpxtpx:cad>79</gpxtpx:cad>
          </gpxtpx:TrackPointExtension>
        </extensions>
      </trkpt>
      <trkpt lat="51.041851826012135" lon="13.753004344180226">
        <ele>118.80000305175781</ele>
        <time>2025-07-08T05:14:30.000Z</time>
        <extensions>
          <gpxtpx:TrackPointExtension>
            <gpxtpx:hr>165</gpxtpx:hr>
            <gpxtpx:cad>79</gpxtpx:cad>
          </gpxtpx:TrackPointExtension>
        </extensions>
      </trkpt>
      <trkpt lat="51.04194737970829" lon="13.752800328657031">
        <ele>117.80000305175781</ele>
        <time>2025-07-08T05:14:35.000Z</time>
        <extensions>
          <gpxtpx:TrackPointExtension>
            <gpxtpx:hr>168</gpxtpx:hr>
            <gpxtpx:cad>79</gpxtpx:cad>
          </gpxtpx:TrackPointExtension>
        </extensions>
      </trkpt>
      <trkpt lat="51.042042346671224" lon="13.752599749714136">
        <ele>115.80000305175781</ele>
        <time>2025-07-08T05:14:40.000Z</time>
        <extensions>
          <gpxtpx:TrackPointExtension>
            <gpxtpx:hr>171</gpxtpx:hr>
            <gpxtpx:cad>78</gpxtpx:cad>
          </gpxtpx:TrackPointExtension>
        </extensions>
      </trkpt>
      <trkpt lat="51.042158184573054" lon="13.752345442771912">
        <ele>114</ele>
        <time>2025-07-08T05:14:46.000Z</time>
        <extensions>
          <gpxtpx:TrackPointExtension>
            <gpxtpx:hr>170</gpxtpx:hr>
            <gpxtpx:cad>79</gpxtpx:cad>
          </gpxtpx:TrackPointExtension>
        </extensions>
      </trkpt>
      <trkpt lat="51.04223856702447" lon="13.752056183293462">
        <ele>113</ele>
        <time>2025-07-08T05:14:52.000Z</time>
        <extensions>
          <gpxtpx:TrackPointExtension>
            <gpxtpx:hr>171</gpxtpx:hr>
            <gpxtpx:cad>79</gpxtpx:cad>
          </gpxtpx:TrackPointExtension>
        </extensions>
      </trkpt>
      <trkpt lat="51.04231375269592" lon="13.75176784582436">
        <ele>113</ele>
        <time>2025-07-08T05:14:58.000Z</time>
        <extensions>
          <gpxtpx:TrackPointExtension>
            <gpxtpx:hr>169</gpxtpx:hr>
            <gpxtpx:cad>78</gpxtpx:cad>
          </gpxtpx:TrackPointExtension>
        </extensions>
      </trkpt>
      <trkpt lat="51.04234174825251" lon="13.751455619931221">
        <ele>114</ele>
        <time>2025-07-08T05:15:04.000Z</time>
        <extensions>
          <gpxtpx:TrackPointExtension>
            <gpxtpx:hr>168</gpxtpx:hr>
            <gpxtpx:cad>79</gpxtpx:cad>
          </gpxtpx:TrackPointExtension>
        </extensions>
      </trkpt>
      <trkpt lat="51.042260779067874" lon="13.751179436221719">
        <ele>114</ele>
        <time>2025-07-08T05:15:11.000Z</time>
        <extensions>
          <gpxtpx:TrackPointExtension>
            <gpxtpx:hr>169</gpxtpx:hr>
            <gpxtpx:cad>78</gpxtpx:cad>
          </gpxtpx:TrackPointExtension>
        </extensions>
      </trkpt>
      <trkpt lat="51.04209431447089" lon="13.751025795936584">
        <ele>114</ele>
        <time>2025-07-08T05:15:17.000Z</time>
        <extensions>
          <gpxtpx:TrackPointExtension>
            <gpxtpx:hr>169</gpxtpx:hr>
            <gpxtpx:cad>78</gpxtpx:cad>
          </gpxtpx:TrackPointExtension>
        </extensions>
      </trkpt>
      <trkpt lat="51.0419328790158" lon="13.75087902881205">
        <ele>114</ele>
        <time>2025-07-08T05:15:23.000Z</time>
        <extensions>
          <gpxtpx:TrackPointExtension>
            <gpxtpx:hr>168</gpxtpx:hr>
            <gpxtpx:cad>79</gpxtpx:cad>
          </gpxtpx:TrackPointExtension>
        </extensions>
      </trkpt>
      <trkpt lat="51.041779574006796" lon="13.750759419053793">
        <ele>113.4000015258789</ele>
        <time>2025-07-08T05:15:29.000Z</time>
        <extensions>
          <gpxtpx:TrackPointExtension>
            <gpxtpx:hr>171</gpxtpx:hr>
            <gpxtpx:cad>79</gpxtpx:cad>
          </gpxtpx:TrackPointExtension>
        </extensions>
      </trkpt>
      <trkpt lat="51.04161067865789" lon="13.750623632222414">
        <ele>113</ele>
        <time>2025-07-08T05:15:35.000Z</time>
        <extensions>
          <gpxtpx:TrackPointExtension>
            <gpxtpx:hr>169</gpxtpx:hr>
            <gpxtpx:cad>79</gpxtpx:cad>
          </gpxtpx:TrackPointExtension>
        </extensions>
      </trkpt>
      <trkpt lat="51.04149408638477" lon="13.750370414927602">
        <ele>112.19999694824219</ele>
        <time>2025-07-08T05:15:41.000Z</time>
        <extensions>
          <gpxtpx:TrackPointExtension>
            <gpxtpx:hr>168</gpxtpx:hr>
            <gpxtpx:cad>78</gpxtpx:cad>
          </gpxtpx:TrackPointExtension>
        </extensions>
      </trkpt>
      <trkpt lat="51.0413649212569" lon="13.750120801851153">
        <ele>112</ele>
        <time>2025-07-08T05:15:47.000Z</time>
        <extensions>
          <gpxtpx:TrackPointExtension>
            <gpxtpx:hr>169</gpxtpx:hr>
            <gpxtpx:cad>76</gpxtpx:cad>
          </gpxtpx:TrackPointExtension>
        </extensions>
      </trkpt>
      <trkpt lat="51.041226955130696" lon="13.749909326434135">
        <ele>112.19999694824219</ele>
        <time>2025-07-08T05:15:53.000Z</time>
        <extensions>
          <gpxtpx:TrackPointExtension>
            <gpxtpx:hr>169</gpxtpx:hr>
            <gpxtpx:cad>78</gpxtpx:cad>
          </gpxtpx:TrackPointExtension>
        </extensions>
      </trkpt>
      <trkpt lat="51.04105420410633" lon="13.749729786068201">
        <ele>112.80000305175781</ele>
        <time>2025-07-08T05:16:00.000Z</time>
        <extensions>
          <gpxtpx:TrackPointExtension>
            <gpxtpx:hr>169</gpxtpx:hr>
            <gpxtpx:cad>79</gpxtpx:cad>
          </gpxtpx:TrackPointExtension>
        </extensions>
      </trkpt>
      <trkpt lat="51.040894193574786" lon="13.749587293714285">
        <ele>113.4000015258789</ele>
        <time>2025-07-08T05:16:06.000Z</time>
        <extensions>
          <gpxtpx:TrackPointExtension>
            <gpxtpx:hr>171</gpxtpx:hr>
            <gpxtpx:cad>79</gpxtpx:cad>
          </gpxtpx:TrackPointExtension>
        </extensions>
      </trkpt>
      <trkpt lat="51.040725046768785" lon="13.749418314546347">
        <ele>114</ele>
        <time>2025-07-08T05:16:13.000Z</time>
        <extensions>
          <gpxtpx:TrackPointExtension>
            <gpxtpx:hr>169</gpxtpx:hr>
            <gpxtpx:cad>79</gpxtpx:cad>
          </gpxtpx:TrackPointExtension>
        </extensions>
      </trkpt>
      <trkpt lat="51.04054106399417" lon="13.74927925877273">
        <ele>114</ele>
        <time>2025-07-08T05:16:20.000Z</time>
        <extensions>
          <gpxtpx:TrackPointExtension>
            <gpxtpx:hr>168</gpxtpx:hr>
            <gpxtpx:cad>79</gpxtpx:cad>
          </gpxtpx:TrackPointExtension>
        </extensions>
      </trkpt>
      <trkpt lat="51.04039002209902" lon="13.749121595174074">
        <ele>114</ele>
        <time>2025-07-08T05:16:26.000Z</time>
        <extensions>
          <gpxtpx:TrackPointExtension>
            <gpxtpx:hr>169</gpxtpx:hr>
            <gpxtpx:cad>79</gpxtpx:cad>
          </gpxtpx:TrackPointExtension>
        </extensions>
      </trkpt>
      <trkpt lat="51.04022682644427" lon="13.748940965160728">
        <ele>114</ele>
        <time>2025-07-08T05:16:31.000Z</time>
        <extensions>
          <gpxtpx:TrackPointExtension>
            <gpxtpx:hr>170</gpxtpx:hr>
            <gpxtpx:cad>79</gpxtpx:cad>
          </gpxtpx:TrackPointExtension>
        </extensions>
      </trkpt>
      <trkpt lat="51.04007595218718" lon="13.748768381774426">
        <ele>114.19999694824219</ele>
        <time>2025-07-08T05:16:36.000Z</time>
        <extensions>
          <gpxtpx:TrackPointExtension>
            <gpxtpx:hr>169</gpxtpx:hr>
            <gpxtpx:cad>79</gpxtpx:cad>
          </gpxtpx:TrackPointExtension>
        </extensions>
      </trkpt>
      <trkpt lat="51.039918288588524" lon="13.748567132279277">
        <ele>114.80000305175781</ele>
        <time>2025-07-08T05:16:42.000Z</time>
        <extensions>
          <gpxtpx:TrackPointExtension>
            <gpxtpx:hr>170</gpxtpx:hr>
            <gpxtpx:cad>79</gpxtpx:cad>
          </gpxtpx:TrackPointExtension>
        </extensions>
      </trkpt>
      <trkpt lat="51.03976481594145" lon="13.748411228880286">
        <ele>115</ele>
        <time>2025-07-08T05:16:48.000Z</time>
        <extensions>
          <gpxtpx:TrackPointExtension>
            <gpxtpx:hr>171</gpxtpx:hr>
            <gpxtpx:cad>79</gpxtpx:cad>
          </gpxtpx:TrackPointExtension>
        </extensions>
      </trkpt>
      <trkpt lat="51.03960379958153" lon="13.74820226803422">
        <ele>115</ele>
        <time>2025-07-08T05:16:55.000Z</time>
        <extensions>
          <gpxtpx:TrackPointExtension>
            <gpxtpx:hr>170</gpxtpx:hr>
            <gpxtpx:cad>79</gpxtpx:cad>
          </gpxtpx:TrackPointExtension>
        </extensions>
      </trkpt>
      <trkpt lat="51.03944018483162" lon="13.748019626364112">
        <ele>115</ele>
        <time>2025-07-08T05:17:01.000Z</time>
        <extensions>
          <gpxtpx:TrackPointExtension>
            <gpxtpx:hr>169</gpxtpx:hr>
            <gpxtpx:cad>78</gpxtpx:cad>
          </gpxtpx:TrackPointExtension>
        </extensions>
      </trkpt>
      <trkpt lat="51.03927263058722" lon="13.747851317748427">
        <ele>115.19999694824219</ele>
        <time>2025-07-08T05:17:07.000Z</time>
        <extensions>
          <gpxtpx:TrackPointExtension>
            <gpxtpx:hr>169</gpxtpx:hr>
            <gpxtpx:cad>78</gpxtpx:cad>
          </gpxtpx:TrackPointExtension>
        </extensions>
      </trkpt>
      <trkpt lat="51.03917732834816" lon="13.747754506766796">
        <ele>115.19999694824219</ele>
        <time>2025-07-08T05:17:10.000Z</time>
        <extensions>
          <gpxtpx:TrackPointExtension>
            <gpxtpx:hr>169</gpxtpx:hr>
            <gpxtpx:cad>79</gpxtpx:cad>
          </gpxtpx:TrackPointExtension>
        </extensions>
      </trkpt>
      <trkpt lat="51.03907423093915" lon="13.747561052441597">
        <ele>114.80000305175781</ele>
        <time>2025-07-08T05:17:15.000Z</time>
        <extensions>
          <gpxtpx:TrackPointExtension>
            <gpxtpx:hr>170</gpxtpx:hr>
            <gpxtpx:cad>80</gpxtpx:cad>
          </gpxtpx:TrackPointExtension>
        </extensions>
      </trkpt>
      <trkpt lat="51.039159558713436" lon="13.747273553162813">
        <ele>115.5999984741211</ele>
        <time>2025-07-08T05:17:21.000Z</time>
        <extensions>
          <gpxtpx:TrackPointExtension>
            <gpxtpx:hr>171</gpxtpx:hr>
            <gpxtpx:cad>80</gpxtpx:cad>
          </gpxtpx:TrackPointExtension>
        </extensions>
      </trkpt>
      <trkpt lat="51.03927698917687" lon="13.747001308947802">
        <ele>118</ele>
        <time>2025-07-08T05:17:27.000Z</time>
        <extensions>
          <gpxtpx:TrackPointExtension>
            <gpxtpx:hr>170</gpxtpx:hr>
            <gpxtpx:cad>80</gpxtpx:cad>
          </gpxtpx:TrackPointExtension>
        </extensions>
      </trkpt>
      <trkpt lat="51.03936935774982" lon="13.746720515191555">
        <ele>119.80000305175781</ele>
        <time>2025-07-08T05:17:33.000Z</time>
        <extensions>
          <gpxtpx:TrackPointExtension>
            <gpxtpx:hr>168</gpxtpx:hr>
            <gpxtpx:cad>80</gpxtpx:cad>
          </gpxtpx:TrackPointExtension>
        </extensions>
      </trkpt>
      <trkpt lat="51.039430629462004" lon="13.746413318440318">
        <ele>120.19999694824219</ele>
        <time>2025-07-08T05:17:40.000Z</time>
        <extensions>
          <gpxtpx:TrackPointExtension>
            <gpxtpx:hr>168</gpxtpx:hr>
            <gpxtpx:cad>79</gpxtpx:cad>
          </gpxtpx:TrackPointExtension>
        </extensions>
      </trkpt>
      <trkpt lat="51.03958829306066" lon="13.746221289038658">
        <ele>119</ele>
        <time>2025-07-08T05:17:47.000Z</time>
        <extensions>
          <gpxtpx:TrackPointExtension>
            <gpxtpx:hr>168</gpxtpx:hr>
            <gpxtpx:cad>80</gpxtpx:cad>
          </gpxtpx:TrackPointExtension>
        </extensions>
      </trkpt>
      <trkpt lat="51.039736149832606" lon="13.746025152504444">
        <ele>117</ele>
        <time>2025-07-08T05:17:53.000Z</time>
        <extensions>
          <gpxtpx:TrackPointExtension>
            <gpxtpx:hr>168</gpxtpx:hr>
            <gpxtpx:cad>80</gpxtpx:cad>
          </gpxtpx:TrackPointExtension>
        </extensions>
      </trkpt>
      <trkpt lat="51.03979792445898" lon="13.745721727609634">
        <ele>117</ele>
        <time>2025-07-08T05:17:59.000Z</time>
        <extensions>
          <gpxtpx:TrackPointExtension>
            <gpxtpx:hr>169</gpxtpx:hr>
            <gpxtpx:cad>81</gpxtpx:cad>
          </gpxtpx:TrackPointExtension>
        </extensions>
      </trkpt>
      <trkpt lat="51.03986497968435" lon="13.74547571875155">
        <ele>117</ele>
        <time>2025-07-08T05:18:04.000Z</time>
        <extensions>
          <gpxtpx:TrackPointExtension>
            <gpxtpx:hr>166</gpxtpx:hr>
            <gpxtpx:cad>81</gpxtpx:cad>
          </gpxtpx:TrackPointExtension>
        </extensions>
      </trkpt>
      <trkpt lat="51.040020463988185" lon="13.745323922485113">
        <ele>117</ele>
        <time>2025-07-08T05:18:09.000Z</time>
        <extensions>
          <gpxtpx:TrackPointExtension>
            <gpxtpx:hr>168</gpxtpx:hr>
            <gpxtpx:cad>81</gpxtpx:cad>
          </gpxtpx:TrackPointExtension>
        </extensions>
      </trkpt>
      <trkpt lat="51.04018785059452" lon="13.745167013257742">
        <ele>117.5999984741211</ele>
        <time>2025-07-08T05:18:15.000Z</time>
        <extensions>
          <gpxtpx:TrackPointExtension>
            <gpxtpx:hr>170</gpxtpx:hr>
            <gpxtpx:cad>81</gpxtpx:cad>
          </gpxtpx:TrackPointExtension>
        </extensions>
      </trkpt>
      <trkpt lat="51.04032791219652" lon="13.744947826489806">
        <ele>117.4000015258789</ele>
        <time>2025-07-08T05:18:21.000Z</time>
        <extensions>
          <gpxtpx:TrackPointExtension>
            <gpxtpx:hr>168</gpxtpx:hr>
            <gpxtpx:cad>80</gpxtpx:cad>
          </gpxtpx:TrackPointExtension>
        </extensions>
      </trkpt>
      <trkpt lat="51.040502674877644" lon="13.744763676077127">
        <ele>116.4000015258789</ele>
        <time>2025-07-08T05:18:27.000Z</time>
        <extensions>
          <gpxtpx:TrackPointExtension>
            <gpxtpx:hr>169</gpxtpx:hr>
            <gpxtpx:cad>80</gpxtpx:cad>
          </gpxtpx:TrackPointExtension>
        </extensions>
      </trkpt>
      <trkpt lat="51.04067542590201" lon="13.744634259492159">
        <ele>115.19999694824219</ele>
        <time>2025-07-08T05:18:34.000Z</time>
        <extensions>
          <gpxtpx:TrackPointExtension>
            <gpxtpx:hr>170</gpxtpx:hr>
            <gpxtpx:cad>80</gpxtpx:cad>
          </gpxtpx:TrackPointExtension>
        </extensions>
      </trkpt>
      <trkpt lat="51.04083962738514" lon="13.744499310851097">
        <ele>115</ele>
        <time>2025-07-08T05:18:40.000Z</time>
        <extensions>
          <gpxtpx:TrackPointExtension>
            <gpxtpx:hr>170</gpxtpx:hr>
            <gpxtpx:cad>80</gpxtpx:cad>
          </gpxtpx:TrackPointExtension>
        </extensions>
      </trkpt>
      <trkpt lat="51.04100776836276" lon="13.744341563433409">
        <ele>116.4000015258789</ele>
        <time>2025-07-08T05:18:46.000Z</time>
        <extensions>
          <gpxtpx:TrackPointExtension>
            <gpxtpx:hr>169</gpxtpx:hr>
            <gpxtpx:cad>80</gpxtpx:cad>
          </gpxtpx:TrackPointExtension>
        </extensions>
      </trkpt>
      <trkpt lat="51.04118186049163" lon="13.744143582880497">
        <ele>118.4000015258789</ele>
        <time>2025-07-08T05:18:52.000Z</time>
        <extensions>
          <gpxtpx:TrackPointExtension>
            <gpxtpx:hr>170</gpxtpx:hr>
            <gpxtpx:cad>80</gpxtpx:cad>
          </gpxtpx:TrackPointExtension>
        </extensions>
      </trkpt>
      <trkpt lat="51.041346564888954" lon="13.7439448479563">
        <ele>118.80000305175781</ele>
        <time>2025-07-08T05:18:58.000Z</time>
        <extensions>
          <gpxtpx:TrackPointExtension>
            <gpxtpx:hr>170</gpxtpx:hr>
            <gpxtpx:cad>79</gpxtpx:cad>
          </gpxtpx:TrackPointExtension>
        </extensions>
      </trkpt>
      <trkpt lat="51.041518058627844" lon="13.743793219327927">
        <ele>118.5999984741211</ele>
        <time>2025-07-08T05:19:04.000Z</time>
        <extensions>
          <gpxtpx:TrackPointExtension>
            <gpxtpx:hr>171</gpxtpx:hr>
            <gpxtpx:cad>80</gpxtpx:cad>
          </gpxtpx:TrackPointExtension>
        </extensions>
      </trkpt>
      <trkpt lat="51.04168678633869" lon="13.743669921532273">
        <ele>118.4000015258789</ele>
        <time>2025-07-08T05:19:12.000Z</time>
        <extensions>
          <gpxtpx:TrackPointExtension>
            <gpxtpx:hr>169</gpxtpx:hr>
            <gpxtpx:cad>80</gpxtpx:cad>
          </gpxtpx:TrackPointExtension>
        </extensions>
      </trkpt>
      <trkpt lat="51.041854759678245" lon="13.743475126102567">
        <ele>118.19999694824219</ele>
        <time>2025-07-08T05:19:19.000Z</time>
        <extensions>
          <gpxtpx:TrackPointExtension>
            <gpxtpx:hr>170</gpxtpx:hr>
            <gpxtpx:cad>80</gpxtpx:cad>
          </gpxtpx:TrackPointExtension>
        </extensions>
      </trkpt>
      <trkpt lat="51.04201477020979" lon="13.743305895477533">
        <ele>118.4000015258789</ele>
        <time>2025-07-08T05:19:24.000Z</time>
        <extensions>
          <gpxtpx:TrackPointExtension>
            <gpxtpx:hr>171</gpxtpx:hr>
            <gpxtpx:cad>80</gpxtpx:cad>
          </gpxtpx:TrackPointExtension>
        </extensions>
      </trkpt>
      <trkpt lat="51.042178217321634" lon="13.743164911866188">
        <ele>119.19999694824219</ele>
        <time>2025-07-08T05:19:29.000Z</time>
        <extensions>
          <gpxtpx:TrackPointExtension>
            <gpxtpx:hr>171</gpxtpx:hr>
            <gpxtpx:cad>80</gpxtpx:cad>
          </gpxtpx:TrackPointExtension>
        </extensions>
      </trkpt>
      <trkpt lat="51.04236957617104" lon="13.743046810850501">
        <ele>120.19999694824219</ele>
        <time>2025-07-08T05:19:35.000Z</time>
        <extensions>
          <gpxtpx:TrackPointExtension>
            <gpxtpx:hr>172</gpxtpx:hr>
            <gpxtpx:cad>80</gpxtpx:cad>
          </gpxtpx:TrackPointExtension>
        </extensions>
      </trkpt>
      <trkpt lat="51.042557414621115" lon="13.743011355400085">
        <ele>121</ele>
        <time>2025-07-08T05:19:41.000Z</time>
        <extensions>
          <gpxtpx:TrackPointExtension>
            <gpxtpx:hr>171</gpxtpx:hr>
            <gpxtpx:cad>80</gpxtpx:cad>
          </gpxtpx:TrackPointExtension>
        </extensions>
      </trkpt>
      <trkpt lat="51.042744750157" lon="13.742924435064197">
        <ele>119.5999984741211</ele>
        <time>2025-07-08T05:19:47.000Z</time>
        <extensions>
          <gpxtpx:TrackPointExtension>
            <gpxtpx:hr>172</gpxtpx:hr>
            <gpxtpx:cad>80</gpxtpx:cad>
          </gpxtpx:TrackPointExtension>
        </extensions>
      </trkpt>
      <trkpt lat="51.042924458160996" lon="13.742830054834485">
        <ele>118</ele>
        <time>2025-07-08T05:19:53.000Z</time>
        <extensions>
          <gpxtpx:TrackPointExtension>
            <gpxtpx:hr>171</gpxtpx:hr>
            <gpxtpx:cad>80</gpxtpx:cad>
          </gpxtpx:TrackPointExtension>
        </extensions>
      </trkpt>
      <trkpt lat="51.04310601018369" lon="13.742685969918966">
        <ele>116.80000305175781</ele>
        <time>2025-07-08T05:19:59.000Z</time>
        <extensions>
          <gpxtpx:TrackPointExtension>
            <gpxtpx:hr>171</gpxtpx:hr>
            <gpxtpx:cad>80</gpxtpx:cad>
          </gpxtpx:TrackPointExtension>
        </extensions>
      </trkpt>
      <trkpt lat="51.04330876842141" lon="13.742631822824478">
        <ele>115.80000305175781</ele>
        <time>2025-07-08T05:20:06.000Z</time>
        <extensions>
          <gpxtpx:TrackPointExtension>
            <gpxtpx:hr>171</gpxtpx:hr>
            <gpxtpx:cad>79</gpxtpx:cad>
          </gpxtpx:TrackPointExtension>
        </extensions>
      </trkpt>
      <trkpt lat="51.04348964989185" lon="13.742526546120644">
        <ele>115.80000305175781</ele>
        <time>2025-07-08T05:20:11.000Z</time>
        <extensions>
          <gpxtpx:TrackPointExtension>
            <gpxtpx:hr>173</gpxtpx:hr>
            <gpxtpx:cad>80</gpxtpx:cad>
          </gpxtpx:TrackPointExtension>
        </extensions>
      </trkpt>
      <trkpt lat="51.043665669858456" lon="13.7423993088305">
        <ele>115</ele>
        <time>2025-07-08T05:20:17.000Z</time>
        <extensions>
          <gpxtpx:TrackPointExtension>
            <gpxtpx:hr>170</gpxtpx:hr>
            <gpxtpx:cad>79</gpxtpx:cad>
          </gpxtpx:TrackPointExtension>
        </extensions>
      </trkpt>
      <trkpt lat="51.04385778307915" lon="13.742342479526997">
        <ele>114.5999984741211</ele>
        <time>2025-07-08T05:20:23.000Z</time>
        <extensions>
          <gpxtpx:TrackPointExtension>
            <gpxtpx:hr>171</gpxtpx:hr>
            <gpxtpx:cad>80</gpxtpx:cad>
          </gpxtpx:TrackPointExtension>
        </extensions>
      </trkpt>
      <trkpt lat="51.044061463326216" lon="13.742233850061893">
        <ele>114.19999694824219</ele>
        <time>2025-07-08T05:20:29.000Z</time>
        <extensions>
          <gpxtpx:TrackPointExtension>
            <gpxtpx:hr>169</gpxtpx:hr>
            <gpxtpx:cad>78</gpxtpx:cad>
          </gpxtpx:TrackPointExtension>
        </extensions>
      </trkpt>
      <trkpt lat="51.04422943666577" lon="13.742038970813155">
        <ele>115</ele>
        <time>2025-07-08T05:20:35.000Z</time>
        <extensions>
          <gpxtpx:TrackPointExtension>
            <gpxtpx:hr>169</gpxtpx:hr>
            <gpxtpx:cad>78</gpxtpx:cad>
          </gpxtpx:TrackPointExtension>
        </extensions>
      </trkpt>
      <trkpt lat="51.044397074729204" lon="13.741846522316337">
        <ele>115.80000305175781</ele>
        <time>2025-07-08T05:20:41.000Z</time>
        <extensions>
          <gpxtpx:TrackPointExtension>
            <gpxtpx:hr>169</gpxtpx:hr>
            <gpxtpx:cad>80</gpxtpx:cad>
          </gpxtpx:TrackPointExtension>
        </extensions>
      </trkpt>
      <trkpt lat="51.04445449076593" lon="13.741569919511676">
        <ele>115.4000015258789</ele>
        <time>2025-07-08T05:20:47.000Z</time>
        <extensions>
          <gpxtpx:TrackPointExtension>
            <gpxtpx:hr>170</gpxtpx:hr>
            <gpxtpx:cad>80</gpxtpx:cad>
          </gpxtpx:TrackPointExtension>
        </extensions>
      </trkpt>
      <trkpt lat="51.04458650574088" lon="13.741381829604506">
        <ele>114.80000305175781</ele>
        <time>2025-07-08T05:20:53.000Z</time>
        <extensions>
          <gpxtpx:TrackPointExtension>
            <gpxtpx:hr>170</gpxtpx:hr>
            <gpxtpx:cad>80</gpxtpx:cad>
          </gpxtpx:TrackPointExtension>
        </extensions>
      </trkpt>
      <trkpt lat="51.04475104250014" lon="13.741240678355098">
        <ele>115.19999694824219</ele>
        <time>2025-07-08T05:20:59.000Z</time>
        <extensions>
          <gpxtpx:TrackPointExtension>
            <gpxtpx:hr>172</gpxtpx:hr>
            <gpxtpx:cad>79</gpxtpx:cad>
          </gpxtpx:TrackPointExtension>
        </extensions>
      </trkpt>
      <trkpt lat="51.04480820707977" lon="13.74117337167263">
        <ele>115.5999984741211</ele>
        <time>2025-07-08T05:21:01.000Z</time>
        <extensions>
          <gpxtpx:TrackPointExtension>
            <gpxtpx:hr>177</gpxtpx:hr>
            <gpxtpx:cad>79</gpxtpx:cad>
          </gpxtpx:TrackPointExtension>
        </extensions>
      </trkpt>
      <trkpt lat="51.04484399780631" lon="13.741086116060615">
        <ele>115.80000305175781</ele>
        <time>2025-07-08T05:21:03.000Z</time>
        <extensions>
          <gpxtpx:TrackPointExtension>
            <gpxtpx:hr>181</gpxtpx:hr>
            <gpxtpx:cad>79</gpxtpx:cad>
          </gpxtpx:TrackPointExtension>
        </extensions>
      </trkpt>
      <trkpt lat="51.04494349099696" lon="13.740810602903366">
        <ele>116</ele>
        <time>2025-07-08T05:21:09.000Z</time>
        <extensions>
          <gpxtpx:TrackPointExtension>
            <gpxtpx:hr>182</gpxtpx:hr>
            <gpxtpx:cad>79</gpxtpx:cad>
          </gpxtpx:TrackPointExtension>
        </extensions>
      </trkpt>
      <trkpt lat="51.04502119123936" lon="13.740540957078338">
        <ele>115.4000015258789</ele>
        <time>2025-07-08T05:21:15.000Z</time>
        <extensions>
          <gpxtpx:TrackPointExtension>
            <gpxtpx:hr>180</gpxtpx:hr>
            <gpxtpx:cad>79</gpxtpx:cad>
          </gpxtpx:TrackPointExtension>
        </extensions>
      </trkpt>
      <trkpt lat="51.04510442353785" lon="13.740230659022927">
        <ele>115.19999694824219</ele>
        <time>2025-07-08T05:21:22.000Z</time>
        <extensions>
          <gpxtpx:TrackPointExtension>
            <gpxtpx:hr>179</gpxtpx:hr>
            <gpxtpx:cad>78</gpxtpx:cad>
          </gpxtpx:TrackPointExtension>
        </extensions>
      </trkpt>
      <trkpt lat="51.04514004662633" lon="13.74008665792644">
        <ele>115</ele>
        <time>2025-07-08T05:21:25.000Z</time>
        <extensions>
          <gpxtpx:TrackPointExtension>
            <gpxtpx:hr>176</gpxtpx:hr>
            <gpxtpx:cad>79</gpxtpx:cad>
          </gpxtpx:TrackPointExtension>
        </extensions>
      </trkpt>
      <trkpt lat="51.045272732153535" lon="13.73982673510909">
        <ele>114.19999694824219</ele>
        <time>2025-07-08T05:21:32.000Z</time>
        <extensions>
          <gpxtpx:TrackPointExtension>
            <gpxtpx:hr>175</gpxtpx:hr>
            <gpxtpx:cad>79</gpxtpx:cad>
          </gpxtpx:TrackPointExtension>
        </extensions>
      </trkpt>
      <trkpt lat="51.045393934473395" lon="13.739589778706431">
        <ele>113.80000305175781</ele>
        <time>2025-07-08T05:21:39.000Z</time>
        <extensions>
          <gpxtpx:TrackPointExtension>
            <gpxtpx:hr>175</gpxtpx:hr>
            <gpxtpx:cad>79</gpxtpx:cad>
          </gpxtpx:TrackPointExtension>
        </extensions>
      </trkpt>
      <trkpt lat="51.045411452651024" lon="13.739477964118123">
        <ele>114.19999694824219</ele>
        <time>2025-07-08T05:21:42.000Z</time>
        <extensions>
          <gpxtpx:TrackPointExtension>
            <gpxtpx:hr>176</gpxtpx:hr>
            <gpxtpx:cad>80</gpxtpx:cad>
          </gpxtpx:TrackPointExtension>
        </extensions>
      </trkpt>
      <trkpt lat="51.045359233394265" lon="13.739354247227311">
        <ele>114.80000305175781</ele>
        <time>2025-07-08T05:21:45.000Z</time>
        <extensions>
          <gpxtpx:TrackPointExtension>
            <gpxtpx:hr>178</gpxtpx:hr>
            <gpxtpx:cad>81</gpxtpx:cad>
          </gpxtpx:TrackPointExtension>
        </extensions>
      </trkpt>
      <trkpt lat="51.04524616152048" lon="13.739236230030656">
        <ele>115.5999984741211</ele>
        <time>2025-07-08T05:21:49.000Z</time>
        <extensions>
          <gpxtpx:TrackPointExtension>
            <gpxtpx:hr>177</gpxtpx:hr>
            <gpxtpx:cad>80</gpxtpx:cad>
          </gpxtpx:TrackPointExtension>
        </extensions>
      </trkpt>
      <trkpt lat="51.04508338496089" lon="13.739039758220315">
        <ele>117</ele>
        <time>2025-07-08T05:21:55.000Z</time>
        <extensions>
          <gpxtpx:TrackPointExtension>
            <gpxtpx:hr>175</gpxtpx:hr>
            <gpxtpx:cad>79</gpxtpx:cad>
          </gpxtpx:TrackPointExtension>
        </extensions>
      </trkpt>
      <trkpt lat="51.04492421261966" lon="13.73883088119328">
        <ele>118.19999694824219</ele>
        <time>2025-07-08T05:22:01.000Z</time>
        <extensions>
          <gpxtpx:TrackPointExtension>
            <gpxtpx:hr>174</gpxtpx:hr>
            <gpxtpx:cad>79</gpxtpx:cad>
          </gpxtpx:TrackPointExtension>
        </extensions>
      </trkpt>
      <trkpt lat="51.04476663284004" lon="13.738633571192622">
        <ele>118.5999984741211</ele>
        <time>2025-07-08T05:22:07.000Z</time>
        <extensions>
          <gpxtpx:TrackPointExtension>
            <gpxtpx:hr>174</gpxtpx:hr>
            <gpxtpx:cad>79</gpxtpx:cad>
          </gpxtpx:TrackPointExtension>
        </extensions>
      </trkpt>
      <trkpt lat="51.04461517184973" lon="13.738436931744218">
        <ele>118</ele>
        <time>2025-07-08T05:22:13.000Z</time>
        <extensions>
          <gpxtpx:TrackPointExtension>
            <gpxtpx:hr>176</gpxtpx:hr>
            <gpxtpx:cad>79</gpxtpx:cad>
          </gpxtpx:TrackPointExtension>
        </extensions>
      </trkpt>
      <trkpt lat="51.044478295370936" lon="13.738220343366265">
        <ele>119.4000015258789</ele>
        <time>2025-07-08T05:22:19.000Z</time>
        <extensions>
          <gpxtpx:TrackPointExtension>
            <gpxtpx:hr>175</gpxtpx:hr>
            <gpxtpx:cad>79</gpxtpx:cad>
          </gpxtpx:TrackPointExtension>
        </extensions>
      </trkpt>
      <trkpt lat="51.04448089376092" lon="13.73816728591919">
        <ele>119.5999984741211</ele>
        <time>2025-07-08T05:22:20.000Z</time>
        <extensions>
          <gpxtpx:TrackPointExtension>
            <gpxtpx:hr>175</gpxtpx:hr>
            <gpxtpx:cad>79</gpxtpx:cad>
          </gpxtpx:TrackPointExtension>
        </extensions>
      </trkpt>
      <trkpt lat="51.04451567865908" lon="13.737862855196">
        <ele>120.19999694824219</ele>
        <time>2025-07-08T05:22:26.000Z</time>
        <extensions>
          <gpxtpx:TrackPointExtension>
            <gpxtpx:hr>174</gpxtpx:hr>
            <gpxtpx:cad>79</gpxtpx:cad>
          </gpxtpx:TrackPointExtension>
        </extensions>
      </trkpt>
      <trkpt lat="51.04457359761" lon="13.737587844952941">
        <ele>120.19999694824219</ele>
        <time>2025-07-08T05:22:32.000Z</time>
        <extensions>
          <gpxtpx:TrackPointExtension>
            <gpxtpx:hr>173</gpxtpx:hr>
            <gpxtpx:cad>80</gpxtpx:cad>
          </gpxtpx:TrackPointExtension>
        </extensions>
      </trkpt>
      <trkpt lat="51.04470569640398" lon="13.737337812781334">
        <ele>120.19999694824219</ele>
        <time>2025-07-08T05:22:38.000Z</time>
        <extensions>
          <gpxtpx:TrackPointExtension>
            <gpxtpx:hr>174</gpxtpx:hr>
            <gpxtpx:cad>79</gpxtpx:cad>
          </gpxtpx:TrackPointExtension>
        </extensions>
      </trkpt>
      <trkpt lat="51.04476830922067" lon="13.737069172784686">
        <ele>121</ele>
        <time>2025-07-08T05:22:44.000Z</time>
        <extensions>
          <gpxtpx:TrackPointExtension>
            <gpxtpx:hr>174</gpxtpx:hr>
            <gpxtpx:cad>80</gpxtpx:cad>
          </gpxtpx:TrackPointExtension>
        </extensions>
      </trkpt>
      <trkpt lat="51.0447911079973" lon="13.736746553331614">
        <ele>122.4000015258789</ele>
        <time>2025-07-08T05:22:50.000Z</time>
        <extensions>
          <gpxtpx:TrackPointExtension>
            <gpxtpx:hr>175</gpxtpx:hr>
            <gpxtpx:cad>80</gpxtpx:cad>
          </gpxtpx:TrackPointExtension>
        </extensions>
      </trkpt>
      <trkpt lat="51.04480938054621" lon="13.736446229740977">
        <ele>122.80000305175781</ele>
        <time>2025-07-08T05:22:56.000Z</time>
        <extensions>
          <gpxtpx:TrackPointExtension>
            <gpxtpx:hr>175</gpxtpx:hr>
            <gpxtpx:cad>79</gpxtpx:cad>
          </gpxtpx:TrackPointExtension>
        </extensions>
      </trkpt>
      <trkpt lat="51.04483326897025" lon="13.736267359927297">
        <ele>122.80000305175781</ele>
        <time>2025-07-08T05:23:00.000Z</time>
        <extensions>
          <gpxtpx:TrackPointExtension>
            <gpxtpx:hr>178</gpxtpx:hr>
            <gpxtpx:cad>79</gpxtpx:cad>
          </gpxtpx:TrackPointExtension>
        </extensions>
      </trkpt>
      <trkpt lat="51.04494659230113" lon="13.736051274463534">
        <ele>123.4000015258789</ele>
        <time>2025-07-08T05:23:05.000Z</time>
        <extensions>
          <gpxtpx:TrackPointExtension>
            <gpxtpx:hr>180</gpxtpx:hr>
            <gpxtpx:cad>79</gpxtpx:cad>
          </gpxtpx:TrackPointExtension>
        </extensions>
      </trkpt>
      <trkpt lat="51.045052371919155" lon="13.735797721892595">
        <ele>124.80000305175781</ele>
        <time>2025-07-08T05:23:12.000Z</time>
        <extensions>
          <gpxtpx:TrackPointExtension>
            <gpxtpx:hr>180</gpxtpx:hr>
            <gpxtpx:cad>79</gpxtpx:cad>
          </gpxtpx:TrackPointExtension>
        </extensions>
      </trkpt>
      <trkpt lat="51.045162845402956" lon="13.735522460192442">
        <ele>126.80000305175781</ele>
        <time>2025-07-08T05:23:18.000Z</time>
        <extensions>
          <gpxtpx:TrackPointExtension>
            <gpxtpx:hr>178</gpxtpx:hr>
            <gpxtpx:cad>80</gpxtpx:cad>
          </gpxtpx:TrackPointExtension>
        </extensions>
      </trkpt>
      <trkpt lat="51.04527189396322" lon="13.735271086916327">
        <ele>127.4000015258789</ele>
        <time>2025-07-08T05:23:24.000Z</time>
        <extensions>
          <gpxtpx:TrackPointExtension>
            <gpxtpx:hr>177</gpxtpx:hr>
            <gpxtpx:cad>79</gpxtpx:cad>
          </gpxtpx:TrackPointExtension>
        </extensions>
      </trkpt>
      <trkpt lat="51.045340122655034" lon="13.734980737790465">
        <ele>127.4000015258789</ele>
        <time>2025-07-08T05:23:29.000Z</time>
        <extensions>
          <gpxtpx:TrackPointExtension>
            <gpxtpx:hr>177</gpxtpx:hr>
            <gpxtpx:cad>79</gpxtpx:cad>
          </gpxtpx:TrackPointExtension>
        </extensions>
      </trkpt>
      <trkpt lat="51.045305505394936" lon="13.734591314569116">
        <ele>124.80000305175781</ele>
        <time>2025-07-08T05:23:34.000Z</time>
        <extensions>
          <gpxtpx:TrackPointExtension>
            <gpxtpx:hr>177</gpxtpx:hr>
            <gpxtpx:cad>80</gpxtpx:cad>
          </gpxtpx:TrackPointExtension>
        </extensions>
      </trkpt>
      <trkpt lat="51.045165192335844" lon="13.734366679564118">
        <ele>121.5999984741211</ele>
        <time>2025-07-08T05:23:39.000Z</time>
        <extensions>
          <gpxtpx:TrackPointExtension>
            <gpxtpx:hr>177</gpxtpx:hr>
            <gpxtpx:cad>80</gpxtpx:cad>
          </gpxtpx:TrackPointExtension>
        </extensions>
      </trkpt>
      <trkpt lat="51.04499294422567" lon="13.734249081462622">
        <ele>120.4000015258789</ele>
        <time>2025-07-08T05:23:44.000Z</time>
        <extensions>
          <gpxtpx:TrackPointExtension>
            <gpxtpx:hr>176</gpxtpx:hr>
            <gpxtpx:cad>80</gpxtpx:cad>
          </gpxtpx:TrackPointExtension>
        </extensions>
      </trkpt>
      <trkpt lat="51.044938964769244" lon="13.733939286321402">
        <ele>119.80000305175781</ele>
        <time>2025-07-08T05:23:50.000Z</time>
        <extensions>
          <gpxtpx:TrackPointExtension>
            <gpxtpx:hr>176</gpxtpx:hr>
            <gpxtpx:cad>80</gpxtpx:cad>
          </gpxtpx:TrackPointExtension>
        </extensions>
      </trkpt>
      <trkpt lat="51.04484139941633" lon="13.733690092340112">
        <ele>119</ele>
        <time>2025-07-08T05:23:55.000Z</time>
        <extensions>
          <gpxtpx:TrackPointExtension>
            <gpxtpx:hr>177</gpxtpx:hr>
            <gpxtpx:cad>81</gpxtpx:cad>
          </gpxtpx:TrackPointExtension>
        </extensions>
      </trkpt>
      <trkpt lat="51.04462606832385" lon="13.733620857819915">
        <ele>118.80000305175781</ele>
        <time>2025-07-08T05:24:01.000Z</time>
        <extensions>
          <gpxtpx:TrackPointExtension>
            <gpxtpx:hr>176</gpxtpx:hr>
            <gpxtpx:cad>79</gpxtpx:cad>
          </gpxtpx:TrackPointExtension>
        </extensions>
      </trkpt>
      <trkpt lat="51.044537303969264" lon="13.733527399599552">
        <ele>118.19999694824219</ele>
        <time>2025-07-08T05:24:04.000Z</time>
        <extensions>
          <gpxtpx:TrackPointExtension>
            <gpxtpx:hr>176</gpxtpx:hr>
            <gpxtpx:cad>79</gpxtpx:cad>
          </gpxtpx:TrackPointExtension>
        </extensions>
      </trkpt>
    </trkseg>
  </trk>
</gpx>
